-- MySQL dump 10.13  Distrib 8.0.28, for Linux (x86_64)
--
-- Host: localhost    Database: ProjetPytHonCSV
-- ------------------------------------------------------
-- Server version	8.0.28-0ubuntu0.20.04.3

/*!40101 SET @OLD_CHARACTER_SET_CLIENT=@@CHARACTER_SET_CLIENT */;
/*!40101 SET @OLD_CHARACTER_SET_RESULTS=@@CHARACTER_SET_RESULTS */;
/*!40101 SET @OLD_COLLATION_CONNECTION=@@COLLATION_CONNECTION */;
/*!50503 SET NAMES utf8mb4 */;
/*!40103 SET @OLD_TIME_ZONE=@@TIME_ZONE */;
/*!40103 SET TIME_ZONE='+00:00' */;
/*!40014 SET @OLD_UNIQUE_CHECKS=@@UNIQUE_CHECKS, UNIQUE_CHECKS=0 */;
/*!40014 SET @OLD_FOREIGN_KEY_CHECKS=@@FOREIGN_KEY_CHECKS, FOREIGN_KEY_CHECKS=0 */;
/*!40101 SET @OLD_SQL_MODE=@@SQL_MODE, SQL_MODE='NO_AUTO_VALUE_ON_ZERO' */;
/*!40111 SET @OLD_SQL_NOTES=@@SQL_NOTES, SQL_NOTES=0 */;

--
-- Table structure for table `classe`
--

DROP TABLE IF EXISTS `classe`;
/*!40101 SET @saved_cs_client     = @@character_set_client */;
/*!50503 SET character_set_client = utf8mb4 */;
CREATE TABLE `classe` (
  `id_classe` int NOT NULL AUTO_INCREMENT,
  `nom_classe` varchar(10) DEFAULT NULL,
  PRIMARY KEY (`id_classe`)
) ENGINE=InnoDB AUTO_INCREMENT=9 DEFAULT CHARSET=utf8mb4 COLLATE=utf8mb4_0900_ai_ci;
/*!40101 SET character_set_client = @saved_cs_client */;

--
-- Dumping data for table `classe`
--

LOCK TABLES `classe` WRITE;
/*!40000 ALTER TABLE `classe` DISABLE KEYS */;
INSERT INTO `classe` VALUES (1,'6e A'),(2,'4e A'),(3,'3e A'),(4,'5e A'),(5,'5e B'),(6,'4e B'),(7,'3e B'),(8,'6e B');
/*!40000 ALTER TABLE `classe` ENABLE KEYS */;
UNLOCK TABLES;

--
-- Table structure for table `eleve`
--

DROP TABLE IF EXISTS `eleve`;
/*!40101 SET @saved_cs_client     = @@character_set_client */;
/*!50503 SET character_set_client = utf8mb4 */;
CREATE TABLE `eleve` (
  `id_eleve` varchar(7) NOT NULL,
  `nom` varchar(50) DEFAULT NULL,
  `prenom` varchar(50) DEFAULT NULL,
  `date_de_naissance` date DEFAULT NULL,
  `id_classe` int DEFAULT NULL,
  PRIMARY KEY (`id_eleve`),
  KEY `id_classe` (`id_classe`),
  CONSTRAINT `eleve_ibfk_1` FOREIGN KEY (`id_classe`) REFERENCES `classe` (`id_classe`)
) ENGINE=InnoDB DEFAULT CHARSET=utf8mb4 COLLATE=utf8mb4_0900_ai_ci;
/*!40101 SET character_set_client = @saved_cs_client */;

--
-- Dumping data for table `eleve`
--

LOCK TABLES `eleve` WRITE;
/*!40000 ALTER TABLE `eleve` DISABLE KEYS */;
INSERT INTO `eleve` VALUES ('0747PMJ','Ndao','Baye Ndiaga','2008-08-08',5),('18G9C4L','DIEYE','Abdoulaye','2002-01-01',8),('1992I0E','MAHMOUD','ABDERRAHMAN','1999-12-12',2),('2014TGR','MENDY','Marcelin','1992-11-12',1),('2017ERT','MANTANE','Elisabeth','1996-04-03',2),('2018JKH','NDIAYE','Zeyna','1998-06-23',2),('2020DFH','NDIAYE','Fatah','2000-08-23',6),('2020UT6','SIHARAJ','SORPHAKA','2002-09-11',8),('2021IJ3','LEFRANC','LYDIE','2001-06-04',6),('2022HEC','SYLLA','Gallas','2000-03-02',1),('20L6TRA','MIMOUNI','MIMOUNI','1997-07-12',1),('20LH7BG','FAYE','Fallou','2002-04-19',2),('23JHNB2','Ngimbona','Charles','2000-09-03',7),('23YLTXT','Baal','Thierno','2006-01-22',3),('27WERUG','Fall','Ouley','2005-11-16',7),('3FR5IJ9','DIALLO','Hermione','2006-08-12',6),('48DKG8T','Baal','Boubou','0003-04-26',6),('56GFSE6','Awa','Samaké','2005-09-30',5),('5D7BKJ2','FALL','Magui','2008-08-30',7),('6691DTO','Ndour','Karin','2003-07-07',5),('89HY6F5','DIALLO','Ronald','2000-05-09',1),('8D805GT','Diop','Seyni','0005-09-29',3),('8YM0304','KIBINDA','Iniess','2005-08-15',1),('9F6J9TT','POUYE','Ousseynou','1985-12-02',2),('9H37AKZ','LOW','Joakim','2002-12-20',2),('9HBW36T','Ba','Aliou','2006-01-01',4),('A7723ML','Kane','Moussa','2001-12-29',1),('ABHLMY1','BAOBEY','Angelline','2006-03-18',3),('ADBMML5','DIOGOSOUMA','Aliou','2009-10-03',5),('AF32IBC','FALL','OUSSEYOU','2000-07-03',7),('BH54JJ6','DUBOIS','Bachir','1994-09-15',4),('BK63HBS','Gueye','Astou','2012-02-28',3),('CMGBDK9','MENDY','Christelle','2006-10-11',7),('DDPADK7','DIA','Dieynaba','2008-05-01',6),('DFGE67T','Mbor','Tounkho','2001-10-17',5),('DKBLMT7','KONATE','Djiby','2010-06-09',8),('DKZGS12','diop','Ousmane','2004-02-01',5),('DLEDQDO','ndiaye','abdou','2005-03-21',2),('DZLSWQ7','sambe','salif','2004-03-18',3),('E9D45JJ','Hann','Cheikh','2012-09-09',3),('EPJHQQ5','DIAW','Fallou','2006-08-12',7),('FRTX54U','NDIAYE','FATOU','2005-07-22',2),('G2NXW1L','DIOUF','MOUSTAPHA','2001-07-05',6),('GF34KHS','Diouf','Ousseynou','1992-12-03',4),('GF69LBC','Ba','Abdoulaye','1992-02-09',3),('H18AC4W','BA','Mouhamed','0005-01-14',1),('HDCB2G7','Ndaw','Ousmane','2000-08-14',6),('HIE938J','Kane','Aliou','2011-05-15',8),('HJ293D4','Ikouna','Mbalanga','2001-01-01',3),('IHFK34G','DIOUM','Harry','1995-01-14',4),('JGRHFNE','sy','pathe','2006-01-31',4),('JH23GH3','Loum','Mamadou','2011-12-12',3),('JHDHRE8','sene','jeannette','2007-12-20',8),('JHGF7F5','Diop','Elimane','2003-01-12',1),('KM729R9','NDIAYE','Marie','2007-02-19',3),('LIHGFR0','Diallo','Nourou','2012-01-02',1),('LJQC67L','WADE','ASTOU','2007-12-12',7),('LSXNEB0','gueye','modou','2002-01-03',7),('M60GRTL','TINE','SOKHNA','2005-02-25',2),('M770231','Ilimani','Mustapha','1997-04-12',7),('ML09RDS','Diallo','Alioune','1993-07-08',6),('MLHF65D','Guissé','Penda','1994-04-04',3),('MTBFCA2','TAPSOBA','Mounkoudy','2008-12-08',6),('NBV76RD','Gueye','Abdalah','1992-01-01',2),('OKYLDC8','KANE','Ousmane','2007-12-07',2),('PK0I89K','CAMARA','Rachid','2001-02-15',1),('PM12NG7','DIOP','Marième','1997-08-19',3),('Q7U2XFP','DEME','Abdou','2004-01-16',2),('Q7XVP6G','Seck','Bineta','2005-02-12',3),('QNXKW09','SINE','MARIEME','2008-08-29',5),('R456T7O','FAURE','JULIE','2000-11-12',8),('RED76BH','Cissé','Babacar','2005-06-03',7),('RTGHSDG','Ndol','Gueye','2006-09-30',5),('SFSADK2','FALL','Salimata','2010-08-02',1),('SONA001','FAYE','FATOU','1993-04-12',1),('SONA002','GAYE','THIERNO','1992-02-14',8),('SONA003','DIOP','YOUSSOU','1994-06-12',4),('SONA004','WAGNE','PETIT','1995-07-12',5),('SONA005','CISSE','GALAYE','1995-03-04',2),('SONA007','SANE ','BALLA','1999-09-09',3),('SONA008','SAGNA','SADIO','1099-06-06',7),('SONA009','NIANG','MAREME','1996-12-12',1),('SX34AZ2','Gaye','Souleyni','1999-03-12',8),('UPNCG78','KA','ALIOU','2009-05-10',7),('W8NNJ6T','Ndoye','Ousmane','2004-04-09',5),('WYI96BT','DIALLO','SEYNABOU','2003-02-16',5),('XSDEF12','gueye','fatou','2005-04-03',6),('YOSADK1','OUEDRAOGO','Yankoba','2009-02-15',4),('Z7312Z3','TINE','SEYDOU','2000-09-03',4),('Z781263','FAYE','FATOU','1997-04-12',8),('Z7812Z3','Konimba','Mousona','2009-12-12',7),('Z7812Z5','DIOUM','ALIOUNE','2011-12-12',7),('Z7812Z7','MBAYE','IDRISSA','2011-05-15',2),('Z7812Z9','NDIAYE','MOUSSA','1999-03-12',3),('Z7832Z3','SANE','MOUSSA','2001-12-29',4),('Z7852Z3','FALL','MOUSTAPHA','2012-09-09',8),('Z8812Z3','TOURE','OUMAR','2001-11-29',5),('ZRDFD4S','Ndiareme','Sylla','1905-09-03',3);
/*!40000 ALTER TABLE `eleve` ENABLE KEYS */;
UNLOCK TABLES;

--
-- Table structure for table `etudier`
--

DROP TABLE IF EXISTS `etudier`;
/*!40101 SET @saved_cs_client     = @@character_set_client */;
/*!50503 SET character_set_client = utf8mb4 */;
CREATE TABLE `etudier` (
  `id_eleve` varchar(7) NOT NULL,
  `id_matiere` int NOT NULL,
  `id_note` int NOT NULL,
  PRIMARY KEY (`id_eleve`,`id_matiere`,`id_note`),
  KEY `id_note` (`id_note`),
  KEY `id_matiere` (`id_matiere`),
  CONSTRAINT `etudier_ibfk_1` FOREIGN KEY (`id_eleve`) REFERENCES `eleve` (`id_eleve`),
  CONSTRAINT `etudier_ibfk_2` FOREIGN KEY (`id_note`) REFERENCES `note` (`id_note`),
  CONSTRAINT `etudier_ibfk_3` FOREIGN KEY (`id_matiere`) REFERENCES `matiere` (`id_matiere`)
) ENGINE=InnoDB DEFAULT CHARSET=utf8mb4 COLLATE=utf8mb4_0900_ai_ci;
/*!40101 SET character_set_client = @saved_cs_client */;

--
-- Dumping data for table `etudier`
--

LOCK TABLES `etudier` WRITE;
/*!40000 ALTER TABLE `etudier` DISABLE KEYS */;
/*!40000 ALTER TABLE `etudier` ENABLE KEYS */;
UNLOCK TABLES;

--
-- Table structure for table `matiere`
--

DROP TABLE IF EXISTS `matiere`;
/*!40101 SET @saved_cs_client     = @@character_set_client */;
/*!50503 SET character_set_client = utf8mb4 */;
CREATE TABLE `matiere` (
  `id_matiere` int NOT NULL AUTO_INCREMENT,
  `nom_matiere` varchar(30) DEFAULT NULL,
  PRIMARY KEY (`id_matiere`)
) ENGINE=InnoDB AUTO_INCREMENT=7 DEFAULT CHARSET=utf8mb4 COLLATE=utf8mb4_0900_ai_ci;
/*!40101 SET character_set_client = @saved_cs_client */;

--
-- Dumping data for table `matiere`
--

LOCK TABLES `matiere` WRITE;
/*!40000 ALTER TABLE `matiere` DISABLE KEYS */;
INSERT INTO `matiere` VALUES (1,'Maths'),(2,'Francais'),(3,'Anglais'),(4,'PC'),(5,'SVT'),(6,'HG');
/*!40000 ALTER TABLE `matiere` ENABLE KEYS */;
UNLOCK TABLES;

--
-- Table structure for table `moyenne`
--

DROP TABLE IF EXISTS `moyenne`;
/*!40101 SET @saved_cs_client     = @@character_set_client */;
/*!50503 SET character_set_client = utf8mb4 */;
CREATE TABLE `moyenne` (
  `id_moyenne` int NOT NULL AUTO_INCREMENT,
  `moyenne_eleve` int NOT NULL,
  `id_eleve` varchar(7) DEFAULT NULL,
  PRIMARY KEY (`id_moyenne`),
  KEY `id_eleve` (`id_eleve`),
  CONSTRAINT `moyenne_ibfk_1` FOREIGN KEY (`id_eleve`) REFERENCES `eleve` (`id_eleve`)
) ENGINE=InnoDB AUTO_INCREMENT=99 DEFAULT CHARSET=utf8mb4 COLLATE=utf8mb4_0900_ai_ci;
/*!40101 SET character_set_client = @saved_cs_client */;

--
-- Dumping data for table `moyenne`
--

LOCK TABLES `moyenne` WRITE;
/*!40000 ALTER TABLE `moyenne` DISABLE KEYS */;
INSERT INTO `moyenne` VALUES (1,13,'LIHGFR0'),(2,13,'20LH7BG'),(3,14,'8D805GT'),(4,16,'9HBW36T'),(5,18,'W8NNJ6T'),(6,14,'23YLTXT'),(7,16,'48DKG8T'),(8,14,'Q7XVP6G'),(9,14,'H18AC4W'),(10,15,'EPJHQQ5'),(11,15,'KM729R9'),(12,15,'Q7U2XFP'),(13,15,'0747PMJ'),(14,15,'18G9C4L'),(15,15,'9H37AKZ'),(16,15,'6691DTO'),(17,14,'8YM0304'),(18,15,'27WERUG'),(19,14,'HDCB2G7'),(20,15,'BK63HBS'),(21,11,'ZRDFD4S'),(22,11,'DFGE67T'),(23,11,'56GFSE6'),(24,13,'RTGHSDG'),(25,16,'2022HEC'),(26,15,'2017ERT'),(27,14,'2014TGR'),(28,15,'2020DFH'),(29,17,'2018JKH'),(30,17,'R456T7O'),(31,15,'2020UT6'),(32,14,'2021IJ3'),(33,14,'1992I0E'),(34,14,'20L6TRA'),(35,14,'Z781263'),(36,14,'Z7812Z5'),(37,14,'Z7812Z9'),(38,14,'Z7852Z3'),(39,15,'Z7812Z7'),(40,15,'Z7312Z3'),(41,15,'Z7832Z3'),(42,16,'Z8812Z3'),(43,14,'SONA001'),(44,14,'SONA002'),(45,14,'SONA003'),(46,14,'SONA004'),(47,14,'SONA005'),(48,14,'SONA007'),(49,14,'SONA008'),(50,14,'SONA009'),(51,16,'A7723ML'),(52,18,'Z7812Z3'),(53,17,'M770231'),(54,15,'JH23GH3'),(55,14,'SX34AZ2'),(56,17,'E9D45JJ'),(57,18,'HIE938J'),(58,17,'23JHNB2'),(59,16,'HJ293D4'),(60,16,'DKZGS12'),(61,17,'DLEDQDO'),(62,14,'XSDEF12'),(63,17,'DZLSWQ7'),(64,15,'JHDHRE8'),(65,15,'JGRHFNE'),(66,16,'LSXNEB0'),(67,13,'OKYLDC8'),(68,15,'DKBLMT7'),(69,17,'CMGBDK9'),(70,15,'YOSADK1'),(71,14,'SFSADK2'),(72,16,'MTBFCA2'),(73,13,'DDPADK7'),(74,15,'ADBMML5'),(75,18,'ABHLMY1'),(76,16,'AF32IBC'),(77,13,'M60GRTL'),(78,12,'QNXKW09'),(79,14,'G2NXW1L'),(80,16,'UPNCG78'),(81,15,'WYI96BT'),(82,14,'FRTX54U'),(83,15,'LJQC67L'),(84,16,'GF34KHS'),(85,17,'JHGF7F5'),(86,15,'RED76BH'),(87,16,'GF69LBC'),(88,13,'ML09RDS'),(89,15,'NBV76RD'),(90,15,'MLHF65D'),(91,14,'IHFK34G'),(92,15,'3FR5IJ9'),(93,15,'PM12NG7'),(94,15,'89HY6F5'),(95,15,'5D7BKJ2'),(96,14,'PK0I89K'),(97,16,'9F6J9TT'),(98,15,'BH54JJ6');
/*!40000 ALTER TABLE `moyenne` ENABLE KEYS */;
UNLOCK TABLES;

--
-- Table structure for table `note`
--

DROP TABLE IF EXISTS `note`;
/*!40101 SET @saved_cs_client     = @@character_set_client */;
/*!50503 SET character_set_client = utf8mb4 */;
CREATE TABLE `note` (
  `id_note` int NOT NULL AUTO_INCREMENT,
  `type_note` varchar(30) DEFAULT NULL,
  `note` int DEFAULT NULL,
  `id_eleve` varchar(7) DEFAULT NULL,
  `id_matiere` int DEFAULT NULL,
  PRIMARY KEY (`id_note`),
  KEY `id_eleve` (`id_eleve`),
  KEY `id_matiere` (`id_matiere`),
  CONSTRAINT `note_ibfk_1` FOREIGN KEY (`id_eleve`) REFERENCES `eleve` (`id_eleve`),
  CONSTRAINT `note_ibfk_2` FOREIGN KEY (`id_matiere`) REFERENCES `matiere` (`id_matiere`)
) ENGINE=InnoDB AUTO_INCREMENT=1745 DEFAULT CHARSET=utf8mb4 COLLATE=utf8mb4_0900_ai_ci;
/*!40101 SET character_set_client = @saved_cs_client */;

--
-- Dumping data for table `note`
--

LOCK TABLES `note` WRITE;
/*!40000 ALTER TABLE `note` DISABLE KEYS */;
INSERT INTO `note` VALUES (1,'devoir',14,'LIHGFR0',1),(2,'devoir',15,'LIHGFR0',1),(3,'exam',10,'LIHGFR0',1),(4,'devoir',12,'LIHGFR0',1),(5,'devoir',13,'LIHGFR0',1),(6,'exam',13,'LIHGFR0',1),(7,'devoir',15,'LIHGFR0',1),(8,'devoir',16,'LIHGFR0',1),(9,'exam',17,'LIHGFR0',1),(10,'devoir',14,'LIHGFR0',1),(11,'devoir',13,'LIHGFR0',1),(12,'exam',7,'LIHGFR0',1),(13,'devoir',15,'LIHGFR0',1),(14,'devoir',19,'LIHGFR0',1),(15,'exam',10,'LIHGFR0',1),(16,'devoir',13,'LIHGFR0',1),(17,'devoir',12,'LIHGFR0',1),(18,'exam',15,'LIHGFR0',1),(19,'devoir',8,'20LH7BG',4),(20,'devoir',13,'20LH7BG',4),(21,'devoir',11,'20LH7BG',4),(22,'exam',12,'20LH7BG',4),(23,'devoir',10,'20LH7BG',4),(24,'devoir',10,'20LH7BG',4),(25,'devoir',11,'20LH7BG',4),(26,'exam',10,'20LH7BG',4),(27,'devoir',12,'20LH7BG',4),(28,'exam',13,'20LH7BG',4),(29,'devoir',10,'20LH7BG',4),(30,'exam',11,'20LH7BG',4),(31,'devoir',12,'20LH7BG',4),(32,'devoir',15,'20LH7BG',4),(33,'devoir',10,'20LH7BG',4),(34,'devoir',9,'20LH7BG',4),(35,'exam',10,'20LH7BG',4),(36,'devoir',8,'20LH7BG',4),(37,'exam',10,'20LH7BG',4),(38,'devoir',10,'8D805GT',1),(39,'devoir',11,'8D805GT',1),(40,'exam',15,'8D805GT',1),(41,'devoir',7,'8D805GT',1),(42,'devoir',12,'8D805GT',1),(43,'devoir',8,'8D805GT',1),(44,'exam',13,'8D805GT',1),(45,'devoir',14,'8D805GT',1),(46,'devoir',9,'8D805GT',1),(47,'exam',15,'8D805GT',1),(48,'devoir',11,'8D805GT',1),(49,'exam',9,'8D805GT',1),(50,'devoir',12,'8D805GT',1),(51,'devoir',9,'8D805GT',1),(52,'devoir',16,'8D805GT',1),(53,'devoir',11,'8D805GT',1),(54,'exam',12,'8D805GT',1),(55,'devoir',10,'8D805GT',1),(56,'exam',13,'8D805GT',1),(57,'devoir',15,'9HBW36T',1),(58,'devoir',16,'9HBW36T',1),(59,'exam',15,'9HBW36T',1),(60,'devoir',10,'9HBW36T',1),(61,'devoir',11,'9HBW36T',1),(62,'devoir',10,'9HBW36T',1),(63,'exam',9,'9HBW36T',1),(64,'devoir',14,'9HBW36T',1),(65,'devoir',13,'9HBW36T',1),(66,'exam',15,'9HBW36T',1),(67,'devoir',15,'9HBW36T',1),(68,'exam',15,'9HBW36T',1),(69,'devoir',12,'9HBW36T',1),(70,'devoir',10,'9HBW36T',1),(71,'devoir',17,'9HBW36T',1),(72,'devoir',13,'9HBW36T',1),(73,'exam',12,'9HBW36T',1),(74,'devoir',17,'9HBW36T',1),(75,'exam',14,'9HBW36T',1),(76,'devoir',20,'W8NNJ6T',1),(77,'devoir',18,'W8NNJ6T',1),(78,'exam',18,'W8NNJ6T',1),(79,'devoir',12,'W8NNJ6T',1),(80,'devoir',14,'W8NNJ6T',1),(81,'devoir',14,'W8NNJ6T',1),(82,'exam',13,'W8NNJ6T',1),(83,'devoir',15,'W8NNJ6T',1),(84,'devoir',16,'W8NNJ6T',1),(85,'exam',14,'W8NNJ6T',1),(86,'devoir',17,'W8NNJ6T',1),(87,'exam',18,'W8NNJ6T',1),(88,'devoir',14,'W8NNJ6T',1),(89,'devoir',15,'W8NNJ6T',1),(90,'devoir',15,'W8NNJ6T',1),(91,'devoir',16,'W8NNJ6T',1),(92,'exam',14,'W8NNJ6T',1),(93,'devoir',13,'W8NNJ6T',1),(94,'exam',16,'W8NNJ6T',1),(95,'devoir',13,'23YLTXT',4),(96,'devoir',11,'23YLTXT',4),(97,'exam',13,'23YLTXT',4),(98,'devoir',12,'23YLTXT',4),(99,'devoir',14,'23YLTXT',4),(100,'devoir',15,'23YLTXT',4),(101,'exam',8,'23YLTXT',4),(102,'devoir',11,'23YLTXT',4),(103,'exam',11,'23YLTXT',4),(104,'devoir',12,'23YLTXT',4),(105,'exam',14,'23YLTXT',4),(106,'devoir',12,'23YLTXT',4),(107,'devoir',12,'23YLTXT',4),(108,'devoir',10,'23YLTXT',4),(109,'exam',10,'23YLTXT',4),(110,'devoir',8,'23YLTXT',4),(111,'exam',10,'23YLTXT',4),(112,'devoir',17,'48DKG8T',4),(113,'devoir',11,'48DKG8T',4),(114,'devoir',8,'48DKG8T',4),(115,'exam',11,'48DKG8T',4),(116,'devoir',12,'48DKG8T',4),(117,'devoir',10,'48DKG8T',4),(118,'devoir',11,'48DKG8T',4),(119,'exam',15,'48DKG8T',4),(120,'devoir',12,'48DKG8T',4),(121,'exam',16,'48DKG8T',4),(122,'devoir',12,'48DKG8T',4),(123,'exam',12,'48DKG8T',4),(124,'devoir',13,'48DKG8T',4),(125,'devoir',15,'48DKG8T',4),(126,'devoir',11,'48DKG8T',4),(127,'exam',14,'48DKG8T',4),(128,'devoir',12,'48DKG8T',4),(129,'exam',17,'48DKG8T',4),(130,'devoir',14,'Q7XVP6G',4),(131,'devoir',8,'Q7XVP6G',4),(132,'exam',16,'Q7XVP6G',4),(133,'devoir',12,'Q7XVP6G',4),(134,'devoir',16,'Q7XVP6G',4),(135,'devoir',11,'Q7XVP6G',4),(136,'exam',12,'Q7XVP6G',4),(137,'devoir',13,'Q7XVP6G',4),(138,'exam',16,'Q7XVP6G',4),(139,'devoir',10,'Q7XVP6G',4),(140,'exam',10,'Q7XVP6G',4),(141,'devoir',13,'Q7XVP6G',4),(142,'devoir',13,'Q7XVP6G',4),(143,'devoir',12,'Q7XVP6G',4),(144,'exam',8,'Q7XVP6G',4),(145,'devoir',10,'Q7XVP6G',4),(146,'exam',9,'Q7XVP6G',4),(147,'devoir',10,'H18AC4W',1),(148,'devoir',11,'H18AC4W',1),(149,'exam',15,'H18AC4W',1),(150,'devoir',7,'H18AC4W',1),(151,'devoir',12,'H18AC4W',1),(152,'devoir',8,'H18AC4W',1),(153,'exam',13,'H18AC4W',1),(154,'devoir',14,'H18AC4W',1),(155,'devoir',9,'H18AC4W',1),(156,'exam',15,'H18AC4W',1),(157,'devoir',11,'H18AC4W',1),(158,'exam',9,'H18AC4W',1),(159,'devoir',12,'H18AC4W',1),(160,'devoir',9,'H18AC4W',1),(161,'devoir',16,'H18AC4W',1),(162,'devoir',11,'H18AC4W',1),(163,'exam',12,'H18AC4W',1),(164,'devoir',10,'H18AC4W',1),(165,'exam',13,'H18AC4W',1),(166,'devoir',11,'EPJHQQ5',4),(167,'exam',9,'EPJHQQ5',4),(168,'devoir',12,'EPJHQQ5',4),(169,'devoir',15,'EPJHQQ5',4),(170,'devoir',11,'EPJHQQ5',4),(171,'exam',13,'EPJHQQ5',4),(172,'devoir',14,'EPJHQQ5',4),(173,'devoir',12,'EPJHQQ5',4),(174,'exam',13,'EPJHQQ5',4),(175,'devoir',13,'EPJHQQ5',4),(176,'exam',15,'EPJHQQ5',4),(177,'devoir',10,'EPJHQQ5',4),(178,'devoir',9,'EPJHQQ5',4),(179,'devoir',16,'EPJHQQ5',4),(180,'devoir',13,'EPJHQQ5',4),(181,'exam',12,'EPJHQQ5',4),(182,'devoir',10,'EPJHQQ5',4),(183,'exam',16,'EPJHQQ5',4),(184,'devoir',11,'KM729R9',4),(185,'exam',9,'KM729R9',4),(186,'devoir',12,'KM729R9',4),(187,'devoir',15,'KM729R9',4),(188,'devoir',11,'KM729R9',4),(189,'exam',13,'KM729R9',4),(190,'devoir',4,'KM729R9',4),(191,'devoir',11,'KM729R9',4),(192,'exam',13,'KM729R9',4),(193,'devoir',14,'KM729R9',4),(194,'exam',15,'KM729R9',4),(195,'devoir',12,'KM729R9',4),(196,'devoir',9,'KM729R9',4),(197,'devoir',16,'KM729R9',4),(198,'devoir',11,'KM729R9',4),(199,'exam',12,'KM729R9',4),(200,'devoir',11,'KM729R9',4),(201,'exam',13,'KM729R9',4),(202,'devoir',10,'Q7U2XFP',1),(203,'devoir',15,'Q7U2XFP',1),(204,'devoir',11,'Q7U2XFP',1),(205,'devoir',13,'Q7U2XFP',1),(206,'exam',16,'Q7U2XFP',1),(207,'devoir',11,'Q7U2XFP',1),(208,'exam',9,'Q7U2XFP',1),(209,'devoir',4,'Q7U2XFP',1),(210,'devoir',11,'Q7U2XFP',1),(211,'exam',13,'Q7U2XFP',1),(212,'devoir',12,'Q7U2XFP',1),(213,'devoir',9,'Q7U2XFP',1),(214,'devoir',16,'Q7U2XFP',1),(215,'devoir',11,'Q7U2XFP',1),(216,'exam',12,'Q7U2XFP',1),(217,'devoir',10,'Q7U2XFP',1),(218,'exam',13,'Q7U2XFP',1),(219,'devoir',14,'Q7U2XFP',1),(220,'exam',15,'Q7U2XFP',1),(221,'devoir',13,'0747PMJ',5),(222,'devoir',9,'0747PMJ',5),(223,'devoir',11,'0747PMJ',5),(224,'exam',14,'0747PMJ',5),(225,'devoir',10,'0747PMJ',5),(226,'exam',13,'0747PMJ',5),(227,'devoir',12,'0747PMJ',5),(228,'devoir',15,'0747PMJ',5),(229,'devoir',11,'0747PMJ',5),(230,'exam',13,'0747PMJ',5),(231,'devoir',8,'0747PMJ',5),(232,'devoir',11,'0747PMJ',5),(233,'exam',13,'0747PMJ',5),(234,'devoir',14,'0747PMJ',5),(235,'exam',15,'0747PMJ',5),(236,'devoir',13,'0747PMJ',5),(237,'devoir',11,'0747PMJ',5),(238,'exam',9,'0747PMJ',5),(239,'devoir',11,'18G9C4L',4),(240,'exam',9,'18G9C4L',4),(241,'devoir',12,'18G9C4L',4),(242,'devoir',15,'18G9C4L',4),(243,'devoir',11,'18G9C4L',4),(244,'exam',13,'18G9C4L',4),(245,'devoir',4,'18G9C4L',4),(246,'devoir',11,'18G9C4L',4),(247,'exam',13,'18G9C4L',4),(248,'devoir',14,'18G9C4L',4),(249,'exam',15,'18G9C4L',4),(250,'devoir',12,'18G9C4L',4),(251,'devoir',9,'18G9C4L',4),(252,'devoir',16,'18G9C4L',4),(253,'devoir',11,'18G9C4L',4),(254,'exam',12,'18G9C4L',4),(255,'devoir',11,'18G9C4L',4),(256,'exam',13,'18G9C4L',4),(257,'devoir',11,'9H37AKZ',4),(258,'exam',9,'9H37AKZ',4),(259,'devoir',12,'9H37AKZ',4),(260,'devoir',15,'9H37AKZ',4),(261,'devoir',11,'9H37AKZ',4),(262,'exam',13,'9H37AKZ',4),(263,'devoir',14,'9H37AKZ',4),(264,'devoir',12,'9H37AKZ',4),(265,'exam',13,'9H37AKZ',4),(266,'devoir',13,'9H37AKZ',4),(267,'exam',15,'9H37AKZ',4),(268,'devoir',10,'9H37AKZ',4),(269,'devoir',9,'9H37AKZ',4),(270,'devoir',16,'9H37AKZ',4),(271,'devoir',13,'9H37AKZ',4),(272,'exam',12,'9H37AKZ',4),(273,'devoir',10,'9H37AKZ',4),(274,'exam',16,'9H37AKZ',4),(275,'devoir',15,'6691DTO',5),(276,'devoir',11,'6691DTO',5),(277,'devoir',11,'6691DTO',5),(278,'exam',12,'6691DTO',5),(279,'devoir',6,'6691DTO',5),(280,'exam',16,'6691DTO',5),(281,'devoir',10,'6691DTO',5),(282,'devoir',15,'6691DTO',5),(283,'devoir',11,'6691DTO',5),(284,'exam',17,'6691DTO',5),(285,'devoir',8,'6691DTO',5),(286,'devoir',13,'6691DTO',5),(287,'exam',13,'6691DTO',5),(288,'devoir',19,'6691DTO',5),(289,'exam',15,'6691DTO',5),(290,'devoir',7,'6691DTO',5),(291,'devoir',11,'6691DTO',5),(292,'exam',9,'6691DTO',5),(293,'devoir',10,'8YM0304',1),(294,'devoir',11,'8YM0304',1),(295,'exam',15,'8YM0304',1),(296,'devoir',7,'8YM0304',1),(297,'devoir',9,'8YM0304',1),(298,'devoir',8,'8YM0304',1),(299,'exam',13,'8YM0304',1),(300,'devoir',11,'8YM0304',1),(301,'devoir',9,'8YM0304',1),(302,'exam',15,'8YM0304',1),(303,'devoir',10,'8YM0304',1),(304,'exam',11,'8YM0304',1),(305,'devoir',12,'8YM0304',1),(306,'devoir',11,'8YM0304',1),(307,'devoir',16,'8YM0304',1),(308,'devoir',8,'8YM0304',1),(309,'exam',12,'8YM0304',1),(310,'devoir',10,'8YM0304',1),(311,'exam',10,'8YM0304',1),(312,'devoir',11,'27WERUG',4),(313,'exam',19,'27WERUG',4),(314,'devoir',2,'27WERUG',4),(315,'devoir',11,'27WERUG',4),(316,'devoir',11,'27WERUG',4),(317,'exam',13,'27WERUG',4),(318,'devoir',14,'27WERUG',4),(319,'devoir',11,'27WERUG',4),(320,'exam',13,'27WERUG',4),(321,'devoir',4,'27WERUG',4),(322,'exam',10,'27WERUG',4),(323,'devoir',12,'27WERUG',4),(324,'devoir',9,'27WERUG',4),(325,'devoir',16,'27WERUG',4),(326,'devoir',11,'27WERUG',4),(327,'exam',10,'27WERUG',4),(328,'devoir',11,'27WERUG',4),(329,'exam',15,'27WERUG',4),(330,'devoir',11,'HDCB2G7',4),(331,'exam',19,'HDCB2G7',4),(332,'devoir',12,'HDCB2G7',4),(333,'devoir',15,'HDCB2G7',4),(334,'devoir',11,'HDCB2G7',4),(335,'exam',3,'HDCB2G7',4),(336,'devoir',14,'HDCB2G7',4),(337,'devoir',11,'HDCB2G7',4),(338,'exam',13,'HDCB2G7',4),(339,'devoir',14,'HDCB2G7',4),(340,'exam',5,'HDCB2G7',4),(341,'devoir',12,'HDCB2G7',4),(342,'devoir',19,'HDCB2G7',4),(343,'devoir',16,'HDCB2G7',4),(344,'devoir',11,'HDCB2G7',4),(345,'exam',19,'HDCB2G7',4),(346,'devoir',11,'HDCB2G7',4),(347,'exam',10,'HDCB2G7',4),(348,'devoir',15,'BK63HBS',5),(349,'devoir',11,'BK63HBS',5),(350,'devoir',11,'BK63HBS',5),(351,'exam',12,'BK63HBS',5),(352,'devoir',6,'BK63HBS',5),(353,'exam',16,'BK63HBS',5),(354,'devoir',10,'BK63HBS',5),(355,'devoir',15,'BK63HBS',5),(356,'devoir',11,'BK63HBS',5),(357,'exam',17,'BK63HBS',5),(358,'devoir',8,'BK63HBS',5),(359,'devoir',13,'BK63HBS',5),(360,'exam',13,'BK63HBS',5),(361,'devoir',19,'BK63HBS',5),(362,'exam',15,'BK63HBS',5),(363,'devoir',7,'BK63HBS',5),(364,'devoir',11,'BK63HBS',5),(365,'exam',9,'BK63HBS',5),(366,'devoir',1,'ZRDFD4S',1),(367,'devoir',4,'ZRDFD4S',1),(368,'exam',15,'ZRDFD4S',1),(369,'devoir',0,'ZRDFD4S',1),(370,'devoir',19,'ZRDFD4S',1),(371,'devoir',8,'ZRDFD4S',1),(372,'exam',10,'ZRDFD4S',1),(373,'devoir',2,'ZRDFD4S',1),(374,'devoir',1,'ZRDFD4S',1),(375,'exam',5,'ZRDFD4S',1),(376,'devoir',10,'ZRDFD4S',1),(377,'exam',11,'ZRDFD4S',1),(378,'devoir',10,'ZRDFD4S',1),(379,'devoir',20,'ZRDFD4S',1),(380,'devoir',16,'ZRDFD4S',1),(381,'devoir',10,'ZRDFD4S',1),(382,'exam',9,'ZRDFD4S',1),(383,'devoir',9,'ZRDFD4S',1),(384,'exam',1,'ZRDFD4S',1),(385,'devoir',10,'DFGE67T',1),(386,'devoir',4,'DFGE67T',1),(387,'exam',5,'DFGE67T',1),(388,'devoir',12,'DFGE67T',1),(389,'devoir',19,'DFGE67T',1),(390,'devoir',18,'DFGE67T',1),(391,'exam',10,'DFGE67T',1),(392,'devoir',11,'DFGE67T',1),(393,'devoir',9,'DFGE67T',1),(394,'exam',4,'DFGE67T',1),(395,'devoir',10,'DFGE67T',1),(396,'exam',11,'DFGE67T',1),(397,'devoir',10,'DFGE67T',1),(398,'devoir',10,'DFGE67T',1),(399,'devoir',8,'DFGE67T',1),(400,'devoir',10,'DFGE67T',1),(401,'exam',9,'DFGE67T',1),(402,'devoir',9,'DFGE67T',1),(403,'exam',17,'DFGE67T',1),(404,'devoir',1,'56GFSE6',1),(405,'devoir',4,'56GFSE6',1),(406,'exam',7,'56GFSE6',1),(407,'devoir',1,'56GFSE6',1),(408,'devoir',9,'56GFSE6',1),(409,'devoir',18,'56GFSE6',1),(410,'exam',10,'56GFSE6',1),(411,'devoir',11,'56GFSE6',1),(412,'devoir',9,'56GFSE6',1),(413,'exam',9,'56GFSE6',1),(414,'devoir',10,'56GFSE6',1),(415,'exam',11,'56GFSE6',1),(416,'devoir',10,'56GFSE6',1),(417,'devoir',20,'56GFSE6',1),(418,'devoir',16,'56GFSE6',1),(419,'devoir',10,'56GFSE6',1),(420,'exam',9,'56GFSE6',1),(421,'devoir',9,'56GFSE6',1),(422,'exam',10,'56GFSE6',1),(423,'devoir',10,'RTGHSDG',1),(424,'devoir',4,'RTGHSDG',1),(425,'exam',15,'RTGHSDG',1),(426,'devoir',11,'RTGHSDG',1),(427,'devoir',1,'RTGHSDG',1),(428,'devoir',17,'RTGHSDG',1),(429,'exam',10,'RTGHSDG',1),(430,'devoir',9,'RTGHSDG',1),(431,'devoir',5,'RTGHSDG',1),(432,'exam',14,'RTGHSDG',1),(433,'devoir',17,'RTGHSDG',1),(434,'exam',11,'RTGHSDG',1),(435,'devoir',15,'RTGHSDG',1),(436,'devoir',10,'RTGHSDG',1),(437,'devoir',6,'RTGHSDG',1),(438,'devoir',8,'RTGHSDG',1),(439,'exam',5,'RTGHSDG',1),(440,'devoir',9,'RTGHSDG',1),(441,'exam',16,'RTGHSDG',1),(442,'devoir',9,'2022HEC',1),(443,'devoir',15,'2022HEC',1),(444,'exam',19,'2022HEC',1),(445,'devoir',10,'2022HEC',1),(446,'devoir',12,'2022HEC',1),(447,'exam',13,'2022HEC',1),(448,'devoir',18,'2022HEC',1),(449,'devoir',14,'2022HEC',1),(450,'exam',19,'2022HEC',1),(451,'devoir',9,'2022HEC',1),(452,'devoir',10,'2022HEC',1),(453,'exam',12,'2022HEC',1),(454,'devoir',3,'2022HEC',1),(455,'devoir',11,'2022HEC',1),(456,'exam',16,'2022HEC',1),(457,'devoir',12,'2022HEC',1),(458,'exam',14,'2022HEC',1),(459,'devoir',10,'2017ERT',1),(460,'devoir',11,'2017ERT',1),(461,'exam',15,'2017ERT',1),(462,'devoir',7,'2017ERT',1),(463,'devoir',12,'2017ERT',1),(464,'devoir',8,'2017ERT',1),(465,'exam',13,'2017ERT',1),(466,'devoir',14,'2017ERT',1),(467,'devoir',9,'2017ERT',1),(468,'exam',15,'2017ERT',1),(469,'devoir',11,'2017ERT',1),(470,'exam',9,'2017ERT',1),(471,'devoir',12,'2017ERT',1),(472,'devoir',9,'2017ERT',1),(473,'devoir',16,'2017ERT',1),(474,'devoir',11,'2017ERT',1),(475,'exam',12,'2017ERT',1),(476,'devoir',10,'2017ERT',1),(477,'exam',13,'2017ERT',1),(478,'devoir',4,'2014TGR',1),(479,'devoir',3,'2014TGR',1),(480,'exam',5,'2014TGR',1),(481,'devoir',15,'2014TGR',1),(482,'devoir',16,'2014TGR',1),(483,'exam',14,'2014TGR',1),(484,'devoir',15,'2014TGR',1),(485,'devoir',16,'2014TGR',1),(486,'exam',17,'2014TGR',1),(487,'devoir',4,'2014TGR',1),(488,'devoir',3,'2014TGR',1),(489,'exam',7,'2014TGR',1),(490,'devoir',12,'2014TGR',1),(491,'devoir',9,'2014TGR',1),(492,'exam',10,'2014TGR',1),(493,'devoir',16,'2014TGR',1),(494,'devoir',15,'2014TGR',1),(495,'exam',17,'2014TGR',1),(496,'devoir',11,'2020DFH',4),(497,'exam',9,'2020DFH',4),(498,'devoir',12,'2020DFH',4),(499,'devoir',15,'2020DFH',4),(500,'devoir',11,'2020DFH',4),(501,'exam',13,'2020DFH',4),(502,'devoir',14,'2020DFH',4),(503,'devoir',12,'2020DFH',4),(504,'exam',13,'2020DFH',4),(505,'devoir',13,'2020DFH',4),(506,'exam',15,'2020DFH',4),(507,'devoir',10,'2020DFH',4),(508,'devoir',9,'2020DFH',4),(509,'devoir',16,'2020DFH',4),(510,'devoir',13,'2020DFH',4),(511,'exam',12,'2020DFH',4),(512,'devoir',10,'2020DFH',4),(513,'exam',16,'2020DFH',4),(514,'devoir',13,'2018JKH',1),(515,'devoir',11,'2018JKH',1),(516,'exam',13,'2018JKH',1),(517,'devoir',13,'2018JKH',1),(518,'devoir',19,'2018JKH',1),(519,'exam',14,'2018JKH',1),(520,'devoir',12,'2018JKH',1),(521,'devoir',14,'2018JKH',1),(522,'exam',14,'2018JKH',1),(523,'devoir',15,'2018JKH',1),(524,'devoir',19,'2018JKH',1),(525,'exam',15,'2018JKH',1),(526,'devoir',10,'2018JKH',1),(527,'devoir',18,'2018JKH',1),(528,'exam',13,'2018JKH',1),(529,'devoir',11,'2018JKH',1),(530,'devoir',12,'2018JKH',1),(531,'devoir',11,'2018JKH',1),(532,'exam',20,'2018JKH',1),(533,'devoir',20,'R456T7O',1),(534,'devoir',20,'R456T7O',1),(535,'exam',5,'R456T7O',1),(536,'devoir',13,'R456T7O',1),(537,'devoir',16,'R456T7O',1),(538,'exam',14,'R456T7O',1),(539,'devoir',17,'R456T7O',1),(540,'devoir',19,'R456T7O',1),(541,'exam',17,'R456T7O',1),(542,'devoir',14,'R456T7O',1),(543,'devoir',13,'R456T7O',1),(544,'exam',17,'R456T7O',1),(545,'devoir',12,'R456T7O',1),(546,'devoir',19,'R456T7O',1),(547,'exam',10,'R456T7O',1),(548,'devoir',16,'R456T7O',1),(549,'devoir',19,'R456T7O',1),(550,'exam',17,'R456T7O',1),(551,'devoir',14,'2020UT6',1),(552,'devoir',12,'2020UT6',1),(553,'exam',15,'2020UT6',1),(554,'devoir',18,'2020UT6',1),(555,'devoir',6,'2020UT6',1),(556,'exam',14,'2020UT6',1),(557,'devoir',15,'2020UT6',1),(558,'devoir',12,'2020UT6',1),(559,'exam',12,'2020UT6',1),(560,'devoir',18,'2020UT6',1),(561,'devoir',13,'2020UT6',1),(562,'exam',7,'2020UT6',1),(563,'devoir',11,'2020UT6',1),(564,'devoir',19,'2020UT6',1),(565,'exam',12,'2020UT6',1),(566,'devoir',13,'2020UT6',1),(567,'devoir',15,'2020UT6',1),(568,'exam',12,'2020UT6',1),(569,'devoir',4,'2021IJ3',1),(570,'devoir',3,'2021IJ3',1),(571,'exam',5,'2021IJ3',1),(572,'devoir',15,'2021IJ3',1),(573,'devoir',16,'2021IJ3',1),(574,'exam',14,'2021IJ3',1),(575,'devoir',15,'2021IJ3',1),(576,'devoir',16,'2021IJ3',1),(577,'exam',17,'2021IJ3',1),(578,'devoir',4,'2021IJ3',1),(579,'devoir',3,'2021IJ3',1),(580,'exam',7,'2021IJ3',1),(581,'devoir',12,'2021IJ3',1),(582,'devoir',9,'2021IJ3',1),(583,'exam',10,'2021IJ3',1),(584,'devoir',16,'2021IJ3',1),(585,'devoir',15,'2021IJ3',1),(586,'exam',17,'2021IJ3',1),(587,'devoir',10,'1992I0E',1),(588,'devoir',11,'1992I0E',1),(589,'exam',15,'1992I0E',1),(590,'devoir',7,'1992I0E',1),(591,'devoir',12,'1992I0E',1),(592,'devoir',8,'1992I0E',1),(593,'exam',13,'1992I0E',1),(594,'devoir',14,'1992I0E',1),(595,'devoir',9,'1992I0E',1),(596,'exam',15,'1992I0E',1),(597,'devoir',11,'1992I0E',1),(598,'exam',9,'1992I0E',1),(599,'devoir',12,'1992I0E',1),(600,'devoir',9,'1992I0E',1),(601,'devoir',16,'1992I0E',1),(602,'devoir',11,'1992I0E',1),(603,'exam',12,'1992I0E',1),(604,'devoir',10,'1992I0E',1),(605,'exam',13,'1992I0E',1),(606,'devoir',4,'20L6TRA',1),(607,'devoir',3,'20L6TRA',1),(608,'exam',5,'20L6TRA',1),(609,'devoir',15,'20L6TRA',1),(610,'devoir',16,'20L6TRA',1),(611,'exam',14,'20L6TRA',1),(612,'devoir',15,'20L6TRA',1),(613,'devoir',16,'20L6TRA',1),(614,'exam',17,'20L6TRA',1),(615,'devoir',4,'20L6TRA',1),(616,'devoir',3,'20L6TRA',1),(617,'exam',7,'20L6TRA',1),(618,'devoir',12,'20L6TRA',1),(619,'devoir',9,'20L6TRA',1),(620,'exam',10,'20L6TRA',1),(621,'devoir',16,'20L6TRA',1),(622,'devoir',15,'20L6TRA',1),(623,'exam',17,'20L6TRA',1),(624,'devoir',13,'Z781263',1),(625,'devoir',12,'Z781263',1),(626,'exam',13,'Z781263',1),(627,'devoir',10,'Z781263',1),(628,'devoir',9,'Z781263',1),(629,'exam',19,'Z781263',1),(630,'devoir',4,'Z781263',1),(631,'exam',10,'Z781263',1),(632,'devoir',12,'Z781263',1),(633,'devoir',19,'Z781263',1),(634,'exam',7,'Z781263',1),(635,'devoir',12,'Z781263',1),(636,'devoir',10,'Z781263',1),(637,'exam',14,'Z781263',1),(638,'devoir',3,'Z781263',1),(639,'devoir',13,'Z781263',1),(640,'exam',15,'Z781263',1),(641,'devoir',11,'Z7812Z5',4),(642,'exam',9,'Z7812Z5',4),(643,'devoir',12,'Z7812Z5',4),(644,'devoir',15,'Z7812Z5',4),(645,'devoir',11,'Z7812Z5',4),(646,'exam',13,'Z7812Z5',4),(647,'devoir',4,'Z7812Z5',4),(648,'devoir',11,'Z7812Z5',4),(649,'exam',13,'Z7812Z5',4),(650,'devoir',14,'Z7812Z5',4),(651,'exam',15,'Z7812Z5',4),(652,'devoir',12,'Z7812Z5',4),(653,'devoir',9,'Z7812Z5',4),(654,'devoir',16,'Z7812Z5',4),(655,'devoir',11,'Z7812Z5',4),(656,'exam',12,'Z7812Z5',4),(657,'devoir',11,'Z7812Z5',4),(658,'exam',13,'Z7812Z5',4),(659,'devoir',10,'Z7812Z9',1),(660,'devoir',11,'Z7812Z9',1),(661,'exam',15,'Z7812Z9',1),(662,'devoir',7,'Z7812Z9',1),(663,'devoir',9,'Z7812Z9',1),(664,'devoir',8,'Z7812Z9',1),(665,'exam',13,'Z7812Z9',1),(666,'devoir',11,'Z7812Z9',1),(667,'devoir',9,'Z7812Z9',1),(668,'exam',15,'Z7812Z9',1),(669,'devoir',10,'Z7812Z9',1),(670,'exam',11,'Z7812Z9',1),(671,'devoir',12,'Z7812Z9',1),(672,'devoir',11,'Z7812Z9',1),(673,'devoir',16,'Z7812Z9',1),(674,'devoir',8,'Z7812Z9',1),(675,'exam',12,'Z7812Z9',1),(676,'devoir',10,'Z7812Z9',1),(677,'exam',10,'Z7812Z9',1),(678,'devoir',10,'Z7852Z3',1),(679,'devoir',11,'Z7852Z3',1),(680,'exam',15,'Z7852Z3',1),(681,'devoir',7,'Z7852Z3',1),(682,'devoir',9,'Z7852Z3',1),(683,'devoir',8,'Z7852Z3',1),(684,'exam',13,'Z7852Z3',1),(685,'devoir',11,'Z7852Z3',1),(686,'devoir',9,'Z7852Z3',1),(687,'exam',15,'Z7852Z3',1),(688,'devoir',10,'Z7852Z3',1),(689,'exam',11,'Z7852Z3',1),(690,'devoir',12,'Z7852Z3',1),(691,'devoir',11,'Z7852Z3',1),(692,'devoir',16,'Z7852Z3',1),(693,'devoir',8,'Z7852Z3',1),(694,'exam',12,'Z7852Z3',1),(695,'devoir',10,'Z7852Z3',1),(696,'exam',10,'Z7852Z3',1),(697,'devoir',15,'Z7812Z7',5),(698,'devoir',11,'Z7812Z7',5),(699,'devoir',11,'Z7812Z7',5),(700,'exam',12,'Z7812Z7',5),(701,'devoir',6,'Z7812Z7',5),(702,'devoir',14,'Z7812Z7',5),(703,'exam',16,'Z7812Z7',5),(704,'devoir',10,'Z7812Z7',5),(705,'devoir',12,'Z7812Z7',5),(706,'devoir',11,'Z7812Z7',5),(707,'exam',16,'Z7812Z7',5),(708,'devoir',18,'Z7812Z7',5),(709,'devoir',11,'Z7812Z7',5),(710,'exam',15,'Z7812Z7',5),(711,'devoir',8,'Z7812Z7',5),(712,'exam',15,'Z7812Z7',5),(713,'devoir',7,'Z7812Z7',5),(714,'devoir',11,'Z7812Z7',5),(715,'devoir',9,'Z7812Z7',5),(716,'exam',9,'Z7812Z7',5),(717,'devoir',10,'Z7312Z3',1),(718,'devoir',11,'Z7312Z3',1),(719,'exam',15,'Z7312Z3',1),(720,'devoir',7,'Z7312Z3',1),(721,'devoir',12,'Z7312Z3',1),(722,'devoir',8,'Z7312Z3',1),(723,'exam',13,'Z7312Z3',1),(724,'devoir',14,'Z7312Z3',1),(725,'devoir',9,'Z7312Z3',1),(726,'exam',15,'Z7312Z3',1),(727,'devoir',11,'Z7312Z3',1),(728,'exam',9,'Z7312Z3',1),(729,'devoir',12,'Z7312Z3',1),(730,'devoir',9,'Z7312Z3',1),(731,'devoir',16,'Z7312Z3',1),(732,'devoir',11,'Z7312Z3',1),(733,'exam',12,'Z7312Z3',1),(734,'devoir',10,'Z7312Z3',1),(735,'exam',13,'Z7312Z3',1),(736,'devoir',11,'Z7832Z3',1),(737,'devoir',11,'Z7832Z3',1),(738,'exam',12,'Z7832Z3',1),(739,'devoir',11,'Z7832Z3',1),(740,'devoir',11,'Z7832Z3',1),(741,'exam',12,'Z7832Z3',1),(742,'devoir',10,'Z7832Z3',1),(743,'devoir',14,'Z7832Z3',1),(744,'exam',15,'Z7832Z3',1),(745,'devoir',11,'Z7832Z3',1),(746,'devoir',1,'Z7832Z3',1),(747,'exam',14,'Z7832Z3',1),(748,'devoir',11,'Z7832Z3',1),(749,'devoir',13,'Z7832Z3',1),(750,'exam',14,'Z7832Z3',1),(751,'devoir',11,'Z7832Z3',1),(752,'devoir',15,'Z7832Z3',1),(753,'exam',12,'Z7832Z3',1),(754,'devoir',9,'Z8812Z3',1),(755,'devoir',11,'Z8812Z3',1),(756,'devoir',10,'Z8812Z3',1),(757,'devoir',13,'Z8812Z3',1),(758,'exam',12,'Z8812Z3',1),(759,'devoir',12,'Z8812Z3',1),(760,'exam',19,'Z8812Z3',1),(761,'devoir',10,'Z8812Z3',1),(762,'devoir',11,'Z8812Z3',1),(763,'exam',13,'Z8812Z3',1),(764,'devoir',15,'Z8812Z3',1),(765,'devoir',9,'Z8812Z3',1),(766,'devoir',16,'Z8812Z3',1),(767,'devoir',11,'Z8812Z3',1),(768,'exam',12,'Z8812Z3',1),(769,'devoir',13,'Z8812Z3',1),(770,'exam',13,'Z8812Z3',1),(771,'devoir',11,'Z8812Z3',1),(772,'exam',15,'Z8812Z3',1),(773,'devoir',4,'SONA001',1),(774,'devoir',3,'SONA001',1),(775,'exam',5,'SONA001',1),(776,'devoir',15,'SONA001',1),(777,'devoir',16,'SONA001',1),(778,'exam',14,'SONA001',1),(779,'devoir',15,'SONA001',1),(780,'devoir',16,'SONA001',1),(781,'exam',17,'SONA001',1),(782,'devoir',4,'SONA001',1),(783,'devoir',3,'SONA001',1),(784,'exam',7,'SONA001',1),(785,'devoir',12,'SONA001',1),(786,'devoir',9,'SONA001',1),(787,'exam',10,'SONA001',1),(788,'devoir',16,'SONA001',1),(789,'devoir',15,'SONA001',1),(790,'exam',17,'SONA001',1),(791,'devoir',4,'SONA002',1),(792,'devoir',3,'SONA002',1),(793,'exam',5,'SONA002',1),(794,'devoir',15,'SONA002',1),(795,'devoir',16,'SONA002',1),(796,'exam',14,'SONA002',1),(797,'devoir',15,'SONA002',1),(798,'devoir',16,'SONA002',1),(799,'exam',17,'SONA002',1),(800,'devoir',4,'SONA002',1),(801,'devoir',3,'SONA002',1),(802,'exam',7,'SONA002',1),(803,'devoir',12,'SONA002',1),(804,'devoir',9,'SONA002',1),(805,'exam',10,'SONA002',1),(806,'devoir',16,'SONA002',1),(807,'devoir',15,'SONA002',1),(808,'exam',17,'SONA002',1),(809,'devoir',4,'SONA003',1),(810,'devoir',3,'SONA003',1),(811,'exam',5,'SONA003',1),(812,'devoir',15,'SONA003',1),(813,'devoir',16,'SONA003',1),(814,'exam',14,'SONA003',1),(815,'devoir',15,'SONA003',1),(816,'devoir',16,'SONA003',1),(817,'exam',17,'SONA003',1),(818,'devoir',4,'SONA003',1),(819,'devoir',3,'SONA003',1),(820,'exam',7,'SONA003',1),(821,'devoir',12,'SONA003',1),(822,'devoir',9,'SONA003',1),(823,'exam',10,'SONA003',1),(824,'devoir',16,'SONA003',1),(825,'devoir',15,'SONA003',1),(826,'exam',17,'SONA003',1),(827,'devoir',4,'SONA004',1),(828,'devoir',3,'SONA004',1),(829,'exam',5,'SONA004',1),(830,'devoir',15,'SONA004',1),(831,'devoir',16,'SONA004',1),(832,'exam',14,'SONA004',1),(833,'devoir',15,'SONA004',1),(834,'devoir',16,'SONA004',1),(835,'exam',17,'SONA004',1),(836,'devoir',4,'SONA004',1),(837,'devoir',3,'SONA004',1),(838,'exam',7,'SONA004',1),(839,'devoir',12,'SONA004',1),(840,'devoir',9,'SONA004',1),(841,'exam',10,'SONA004',1),(842,'devoir',16,'SONA004',1),(843,'devoir',15,'SONA004',1),(844,'exam',17,'SONA004',1),(845,'devoir',4,'SONA005',1),(846,'devoir',3,'SONA005',1),(847,'exam',5,'SONA005',1),(848,'devoir',15,'SONA005',1),(849,'devoir',16,'SONA005',1),(850,'exam',14,'SONA005',1),(851,'devoir',15,'SONA005',1),(852,'devoir',16,'SONA005',1),(853,'exam',17,'SONA005',1),(854,'devoir',4,'SONA005',1),(855,'devoir',3,'SONA005',1),(856,'exam',7,'SONA005',1),(857,'devoir',12,'SONA005',1),(858,'devoir',9,'SONA005',1),(859,'exam',10,'SONA005',1),(860,'devoir',16,'SONA005',1),(861,'devoir',15,'SONA005',1),(862,'exam',17,'SONA005',1),(863,'devoir',4,'SONA007',1),(864,'devoir',3,'SONA007',1),(865,'exam',5,'SONA007',1),(866,'devoir',15,'SONA007',1),(867,'devoir',16,'SONA007',1),(868,'exam',14,'SONA007',1),(869,'devoir',15,'SONA007',1),(870,'devoir',16,'SONA007',1),(871,'exam',17,'SONA007',1),(872,'devoir',4,'SONA007',1),(873,'devoir',3,'SONA007',1),(874,'exam',7,'SONA007',1),(875,'devoir',12,'SONA007',1),(876,'devoir',9,'SONA007',1),(877,'exam',10,'SONA007',1),(878,'devoir',16,'SONA007',1),(879,'devoir',15,'SONA007',1),(880,'exam',17,'SONA007',1),(881,'devoir',4,'SONA008',1),(882,'devoir',3,'SONA008',1),(883,'exam',5,'SONA008',1),(884,'devoir',15,'SONA008',1),(885,'devoir',16,'SONA008',1),(886,'exam',14,'SONA008',1),(887,'devoir',15,'SONA008',1),(888,'devoir',16,'SONA008',1),(889,'exam',17,'SONA008',1),(890,'devoir',4,'SONA008',1),(891,'devoir',3,'SONA008',1),(892,'exam',7,'SONA008',1),(893,'devoir',12,'SONA008',1),(894,'devoir',9,'SONA008',1),(895,'exam',10,'SONA008',1),(896,'devoir',16,'SONA008',1),(897,'devoir',15,'SONA008',1),(898,'exam',17,'SONA008',1),(899,'devoir',4,'SONA009',1),(900,'devoir',3,'SONA009',1),(901,'exam',5,'SONA009',1),(902,'devoir',15,'SONA009',1),(903,'devoir',16,'SONA009',1),(904,'exam',14,'SONA009',1),(905,'devoir',15,'SONA009',1),(906,'devoir',16,'SONA009',1),(907,'exam',17,'SONA009',1),(908,'devoir',4,'SONA009',1),(909,'devoir',3,'SONA009',1),(910,'exam',7,'SONA009',1),(911,'devoir',12,'SONA009',1),(912,'devoir',9,'SONA009',1),(913,'exam',10,'SONA009',1),(914,'devoir',16,'SONA009',1),(915,'devoir',15,'SONA009',1),(916,'exam',17,'SONA009',1),(917,'devoir',14,'A7723ML',1),(918,'devoir',12,'A7723ML',1),(919,'devoir',10,'A7723ML',1),(920,'exam',12,'A7723ML',1),(921,'devoir',12,'A7723ML',1),(922,'devoir',9,'A7723ML',1),(923,'exam',12,'A7723ML',1),(924,'devoir',14,'A7723ML',1),(925,'exam',15,'A7723ML',1),(926,'devoir',16,'A7723ML',1),(927,'exam',17,'A7723ML',1),(928,'devoir',12,'A7723ML',1),(929,'devoir',16,'A7723ML',1),(930,'exam',14,'A7723ML',1),(931,'devoir',13,'A7723ML',1),(932,'devoir',10,'A7723ML',1),(933,'exam',11,'A7723ML',1),(934,'devoir',12,'Z7812Z3',1),(935,'devoir',10,'Z7812Z3',1),(936,'exam',19,'Z7812Z3',1),(937,'devoir',12,'Z7812Z3',1),(938,'exam',12,'Z7812Z3',1),(939,'devoir',14,'Z7812Z3',1),(940,'devoir',15,'Z7812Z3',1),(941,'devoir',12,'Z7812Z3',1),(942,'exam',19,'Z7812Z3',1),(943,'devoir',16,'Z7812Z3',1),(944,'devoir',18,'Z7812Z3',1),(945,'exam',17,'Z7812Z3',1),(946,'devoir',18,'Z7812Z3',1),(947,'exam',14,'Z7812Z3',1),(948,'devoir',18,'Z7812Z3',1),(949,'exam',11,'Z7812Z3',1),(950,'devoir',10,'M770231',1),(951,'devoir',12,'M770231',1),(952,'exam',12,'M770231',1),(953,'devoir',13,'M770231',1),(954,'devoir',19,'M770231',1),(955,'exam',10,'M770231',1),(956,'devoir',19,'M770231',1),(957,'devoir',12,'M770231',1),(958,'exam',10,'M770231',1),(959,'devoir',11,'M770231',1),(960,'devoir',16,'M770231',1),(961,'exam',17,'M770231',1),(962,'devoir',11,'M770231',1),(963,'devoir',13,'M770231',1),(964,'exam',19,'M770231',1),(965,'devoir',11,'M770231',1),(966,'devoir',19,'M770231',1),(967,'exam',18,'M770231',1),(968,'devoir',13,'JH23GH3',1),(969,'devoir',12,'JH23GH3',1),(970,'exam',13,'JH23GH3',1),(971,'devoir',10,'JH23GH3',1),(972,'devoir',9,'JH23GH3',1),(973,'exam',19,'JH23GH3',1),(974,'devoir',4,'JH23GH3',1),(975,'exam',10,'JH23GH3',1),(976,'devoir',12,'JH23GH3',1),(977,'devoir',19,'JH23GH3',1),(978,'exam',7,'JH23GH3',1),(979,'devoir',12,'JH23GH3',1),(980,'devoir',10,'JH23GH3',1),(981,'exam',14,'JH23GH3',1),(982,'devoir',3,'JH23GH3',1),(983,'devoir',13,'JH23GH3',1),(984,'exam',15,'JH23GH3',1),(985,'devoir',10,'SX34AZ2',1),(986,'devoir',19,'SX34AZ2',1),(987,'devoir',10,'SX34AZ2',1),(988,'exam',10,'SX34AZ2',1),(989,'devoir',10,'SX34AZ2',1),(990,'devoir',9,'SX34AZ2',1),(991,'exam',10,'SX34AZ2',1),(992,'devoir',10,'SX34AZ2',1),(993,'exam',13,'SX34AZ2',1),(994,'devoir',16,'SX34AZ2',1),(995,'devoir',10,'SX34AZ2',1),(996,'exam',17,'SX34AZ2',1),(997,'devoir',2,'SX34AZ2',1),(998,'devoir',16,'SX34AZ2',1),(999,'exam',13,'SX34AZ2',1),(1000,'devoir',10,'SX34AZ2',1),(1001,'devoir',11,'SX34AZ2',1),(1002,'exam',12,'SX34AZ2',1),(1003,'devoir',13,'E9D45JJ',1),(1004,'devoir',11,'E9D45JJ',1),(1005,'exam',13,'E9D45JJ',1),(1006,'devoir',13,'E9D45JJ',1),(1007,'devoir',19,'E9D45JJ',1),(1008,'exam',14,'E9D45JJ',1),(1009,'devoir',12,'E9D45JJ',1),(1010,'devoir',14,'E9D45JJ',1),(1011,'exam',14,'E9D45JJ',1),(1012,'devoir',15,'E9D45JJ',1),(1013,'devoir',19,'E9D45JJ',1),(1014,'exam',15,'E9D45JJ',1),(1015,'devoir',10,'E9D45JJ',1),(1016,'devoir',18,'E9D45JJ',1),(1017,'exam',13,'E9D45JJ',1),(1018,'devoir',11,'E9D45JJ',1),(1019,'devoir',12,'E9D45JJ',1),(1020,'devoir',11,'E9D45JJ',1),(1021,'exam',20,'E9D45JJ',1),(1022,'devoir',20,'HIE938J',1),(1023,'devoir',20,'HIE938J',1),(1024,'devoir',20,'HIE938J',1),(1025,'exam',20,'HIE938J',1),(1026,'devoir',20,'HIE938J',1),(1027,'devoir',20,'HIE938J',1),(1028,'exam',20,'HIE938J',1),(1029,'devoir',14,'HIE938J',1),(1030,'devoir',12,'HIE938J',1),(1031,'exam',15,'HIE938J',1),(1032,'devoir',19,'HIE938J',1),(1033,'devoir',19,'HIE938J',1),(1034,'exam',19,'HIE938J',1),(1035,'devoir',7,'HIE938J',1),(1036,'devoir',1,'HIE938J',1),(1037,'exam',10,'HIE938J',1),(1038,'devoir',6,'HIE938J',1),(1039,'devoir',13,'HIE938J',1),(1040,'exam',13,'HIE938J',1),(1041,'devoir',11,'23JHNB2',1),(1042,'devoir',10,'23JHNB2',1),(1043,'devoir',9,'23JHNB2',1),(1044,'exam',11,'23JHNB2',1),(1045,'devoir',11,'23JHNB2',1),(1046,'devoir',11,'23JHNB2',1),(1047,'devoir',9,'23JHNB2',1),(1048,'exam',11,'23JHNB2',1),(1049,'devoir',18,'23JHNB2',1),(1050,'devoir',19,'23JHNB2',1),(1051,'devoir',19,'23JHNB2',1),(1052,'exam',17,'23JHNB2',1),(1053,'devoir',1,'23JHNB2',1),(1054,'exam',11,'23JHNB2',1),(1055,'devoir',19,'23JHNB2',1),(1056,'exam',19,'23JHNB2',1),(1057,'devoir',19,'23JHNB2',1),(1058,'devoir',17,'23JHNB2',1),(1059,'exam',19,'23JHNB2',1),(1060,'devoir',13,'HJ293D4',1),(1061,'devoir',12,'HJ293D4',1),(1062,'devoir',10,'HJ293D4',1),(1063,'exam',12,'HJ293D4',1),(1064,'devoir',12,'HJ293D4',1),(1065,'devoir',9,'HJ293D4',1),(1066,'exam',12,'HJ293D4',1),(1067,'devoir',14,'HJ293D4',1),(1068,'exam',15,'HJ293D4',1),(1069,'devoir',16,'HJ293D4',1),(1070,'exam',17,'HJ293D4',1),(1071,'devoir',12,'HJ293D4',1),(1072,'devoir',16,'HJ293D4',1),(1073,'exam',14,'HJ293D4',1),(1074,'devoir',13,'HJ293D4',1),(1075,'devoir',10,'HJ293D4',1),(1076,'exam',11,'HJ293D4',1),(1077,'devoir',14,'DKZGS12',1),(1078,'devoir',10,'DKZGS12',1),(1079,'exam',12,'DKZGS12',1),(1080,'devoir',9,'DKZGS12',1),(1081,'exam',12,'DKZGS12',1),(1082,'devoir',14,'DKZGS12',1),(1083,'devoir',14,'DKZGS12',1),(1084,'exam',15,'DKZGS12',1),(1085,'devoir',16,'DKZGS12',1),(1086,'devoir',11,'DKZGS12',1),(1087,'exam',17,'DKZGS12',1),(1088,'devoir',16,'DKZGS12',1),(1089,'exam',14,'DKZGS12',1),(1090,'devoir',13,'DKZGS12',1),(1091,'exam',11,'DKZGS12',1),(1092,'devoir',11,'DLEDQDO',6),(1093,'devoir',15,'DLEDQDO',6),(1094,'exam',18,'DLEDQDO',6),(1095,'devoir',15,'DLEDQDO',6),(1096,'exam',18,'DLEDQDO',6),(1097,'devoir',12,'DLEDQDO',6),(1098,'devoir',13,'DLEDQDO',6),(1099,'exam',11,'DLEDQDO',6),(1100,'devoir',13,'DLEDQDO',6),(1101,'devoir',14,'DLEDQDO',6),(1102,'exam',15,'DLEDQDO',6),(1103,'devoir',11,'DLEDQDO',6),(1104,'exam',16,'DLEDQDO',6),(1105,'devoir',11,'DLEDQDO',6),(1106,'devoir',14,'DLEDQDO',6),(1107,'exam',16,'DLEDQDO',6),(1108,'devoir',12,'XSDEF12',6),(1109,'exam',11,'XSDEF12',6),(1110,'devoir',12,'XSDEF12',6),(1111,'devoir',10,'XSDEF12',6),(1112,'exam',8,'XSDEF12',6),(1113,'devoir',14,'XSDEF12',6),(1114,'devoir',11,'XSDEF12',6),(1115,'exam',4,'XSDEF12',6),(1116,'devoir',10,'XSDEF12',6),(1117,'devoir',4,'XSDEF12',6),(1118,'exam',9,'XSDEF12',6),(1119,'devoir',18,'XSDEF12',6),(1120,'exam',19,'XSDEF12',6),(1121,'devoir',4,'XSDEF12',6),(1122,'devoir',8,'XSDEF12',6),(1123,'exam',16,'XSDEF12',6),(1124,'devoir',14,'DZLSWQ7',1),(1125,'devoir',10,'DZLSWQ7',1),(1126,'exam',12,'DZLSWQ7',1),(1127,'devoir',14,'DZLSWQ7',1),(1128,'devoir',19,'DZLSWQ7',1),(1129,'exam',12,'DZLSWQ7',1),(1130,'devoir',10,'DZLSWQ7',1),(1131,'devoir',14,'DZLSWQ7',1),(1132,'exam',15,'DZLSWQ7',1),(1133,'devoir',15,'DZLSWQ7',1),(1134,'devoir',16,'DZLSWQ7',1),(1135,'devoir',11,'DZLSWQ7',1),(1136,'exam',17,'DZLSWQ7',1),(1137,'devoir',12,'DZLSWQ7',1),(1138,'devoir',16,'DZLSWQ7',1),(1139,'exam',14,'DZLSWQ7',1),(1140,'devoir',15,'DZLSWQ7',1),(1141,'devoir',14,'DZLSWQ7',1),(1142,'exam',18,'DZLSWQ7',1),(1143,'devoir',11,'JHDHRE8',1),(1144,'devoir',11,'JHDHRE8',1),(1145,'exam',12,'JHDHRE8',1),(1146,'devoir',11,'JHDHRE8',1),(1147,'devoir',11,'JHDHRE8',1),(1148,'exam',12,'JHDHRE8',1),(1149,'devoir',10,'JHDHRE8',1),(1150,'devoir',14,'JHDHRE8',1),(1151,'exam',15,'JHDHRE8',1),(1152,'devoir',11,'JHDHRE8',1),(1153,'devoir',1,'JHDHRE8',1),(1154,'exam',14,'JHDHRE8',1),(1155,'devoir',11,'JHDHRE8',1),(1156,'devoir',13,'JHDHRE8',1),(1157,'exam',14,'JHDHRE8',1),(1158,'devoir',11,'JHDHRE8',1),(1159,'devoir',15,'JHDHRE8',1),(1160,'exam',12,'JHDHRE8',1),(1161,'devoir',12,'JGRHFNE',5),(1162,'exam',11,'JGRHFNE',5),(1163,'devoir',12,'JGRHFNE',5),(1164,'exam',11,'JGRHFNE',5),(1165,'devoir',15,'JGRHFNE',5),(1166,'devoir',14,'JGRHFNE',5),(1167,'exam',12,'JGRHFNE',5),(1168,'devoir',13,'JGRHFNE',5),(1169,'exam',13,'JGRHFNE',5),(1170,'devoir',12,'JGRHFNE',5),(1171,'exam',14,'JGRHFNE',5),(1172,'devoir',14,'JGRHFNE',5),(1173,'exam',14,'JGRHFNE',5),(1174,'devoir',13,'LSXNEB0',5),(1175,'exam',15,'LSXNEB0',5),(1176,'devoir',19,'LSXNEB0',5),(1177,'exam',20,'LSXNEB0',5),(1178,'devoir',5,'LSXNEB0',5),(1179,'devoir',9,'LSXNEB0',5),(1180,'exam',9,'LSXNEB0',5),(1181,'devoir',18,'LSXNEB0',5),(1182,'devoir',16,'LSXNEB0',5),(1183,'exam',17,'LSXNEB0',5),(1184,'devoir',10,'LSXNEB0',5),(1185,'exam',11,'LSXNEB0',5),(1186,'devoir',13,'LSXNEB0',5),(1187,'exam',10,'LSXNEB0',5),(1188,'devoir',12,'OKYLDC8',1),(1189,'devoir',10,'OKYLDC8',1),(1190,'exam',11,'OKYLDC8',1),(1191,'devoir',9,'OKYLDC8',1),(1192,'devoir',10,'OKYLDC8',1),(1193,'exam',8,'OKYLDC8',1),(1194,'devoir',6,'OKYLDC8',1),(1195,'devoir',10,'OKYLDC8',1),(1196,'exam',10,'OKYLDC8',1),(1197,'devoir',15,'OKYLDC8',1),(1198,'devoir',14,'OKYLDC8',1),(1199,'exam',15,'OKYLDC8',1),(1200,'devoir',17,'OKYLDC8',1),(1201,'devoir',16,'OKYLDC8',1),(1202,'exam',19,'OKYLDC8',1),(1203,'devoir',17,'DKBLMT7',1),(1204,'exam',15,'DKBLMT7',1),(1205,'devoir',15,'DKBLMT7',1),(1206,'devoir',10,'DKBLMT7',1),(1207,'exam',14,'DKBLMT7',1),(1208,'devoir',14,'DKBLMT7',1),(1209,'devoir',15,'DKBLMT7',1),(1210,'exam',12,'DKBLMT7',1),(1211,'devoir',14,'DKBLMT7',1),(1212,'exam',15,'DKBLMT7',1),(1213,'devoir',19,'DKBLMT7',1),(1214,'exam',17,'DKBLMT7',1),(1215,'devoir',14,'CMGBDK9',1),(1216,'devoir',18,'CMGBDK9',1),(1217,'exam',16,'CMGBDK9',1),(1218,'devoir',17,'CMGBDK9',1),(1219,'exam',16,'CMGBDK9',1),(1220,'devoir',15,'CMGBDK9',1),(1221,'exam',19,'CMGBDK9',1),(1222,'devoir',11,'CMGBDK9',1),(1223,'devoir',9,'CMGBDK9',1),(1224,'exam',10,'CMGBDK9',1),(1225,'devoir',8,'CMGBDK9',1),(1226,'devoir',5,'CMGBDK9',1),(1227,'exam',12,'CMGBDK9',1),(1228,'devoir',13,'CMGBDK9',1),(1229,'exam',15,'CMGBDK9',1),(1230,'devoir',10,'YOSADK1',1),(1231,'exam',15,'YOSADK1',1),(1232,'devoir',12,'YOSADK1',1),(1233,'devoir',11,'YOSADK1',1),(1234,'exam',14,'YOSADK1',1),(1235,'devoir',13,'YOSADK1',1),(1236,'devoir',10,'YOSADK1',1),(1237,'exam',15,'YOSADK1',1),(1238,'devoir',12,'YOSADK1',1),(1239,'exam',17,'YOSADK1',1),(1240,'devoir',18,'YOSADK1',1),(1241,'devoir',14,'YOSADK1',1),(1242,'exam',16,'YOSADK1',1),(1243,'devoir',13,'SFSADK2',1),(1244,'exam',9,'SFSADK2',1),(1245,'devoir',12,'SFSADK2',1),(1246,'devoir',16,'SFSADK2',1),(1247,'exam',10,'SFSADK2',1),(1248,'devoir',17,'SFSADK2',1),(1249,'devoir',14,'SFSADK2',1),(1250,'exam',15,'SFSADK2',1),(1251,'devoir',18,'SFSADK2',1),(1252,'exam',17,'SFSADK2',1),(1253,'devoir',18,'SFSADK2',1),(1254,'devoir',15,'SFSADK2',1),(1255,'exam',17,'SFSADK2',1),(1256,'devoir',12,'MTBFCA2',3),(1257,'devoir',8,'MTBFCA2',3),(1258,'exam',10,'MTBFCA2',3),(1259,'devoir',15,'MTBFCA2',3),(1260,'devoir',18,'MTBFCA2',3),(1261,'exam',20,'MTBFCA2',3),(1262,'devoir',10,'MTBFCA2',3),(1263,'devoir',17,'MTBFCA2',3),(1264,'exam',16,'MTBFCA2',3),(1265,'devoir',19,'MTBFCA2',3),(1266,'devoir',15,'MTBFCA2',3),(1267,'exam',17,'MTBFCA2',3),(1268,'devoir',11,'MTBFCA2',3),(1269,'devoir',14,'MTBFCA2',3),(1270,'exam',10,'MTBFCA2',3),(1271,'devoir',6,'MTBFCA2',3),(1272,'devoir',9,'MTBFCA2',3),(1273,'exam',11,'MTBFCA2',3),(1274,'devoir',10,'DDPADK7',1),(1275,'devoir',10,'DDPADK7',1),(1276,'exam',9,'DDPADK7',1),(1277,'devoir',12,'DDPADK7',1),(1278,'devoir',10,'DDPADK7',1),(1279,'exam',12,'DDPADK7',1),(1280,'devoir',5,'DDPADK7',1),(1281,'devoir',10,'DDPADK7',1),(1282,'exam',13,'DDPADK7',1),(1283,'devoir',12,'DDPADK7',1),(1284,'devoir',16,'DDPADK7',1),(1285,'exam',14,'DDPADK7',1),(1286,'devoir',14,'DDPADK7',1),(1287,'devoir',16,'DDPADK7',1),(1288,'exam',19,'DDPADK7',1),(1289,'devoir',15,'ADBMML5',2),(1290,'exam',12,'ADBMML5',2),(1291,'devoir',16,'ADBMML5',2),(1292,'devoir',10,'ADBMML5',2),(1293,'exam',16,'ADBMML5',2),(1294,'devoir',12,'ADBMML5',2),(1295,'exam',18,'ADBMML5',2),(1296,'devoir',17,'ADBMML5',2),(1297,'exam',15,'ADBMML5',2),(1298,'devoir',15,'ADBMML5',2),(1299,'devoir',13,'ADBMML5',2),(1300,'exam',18,'ADBMML5',2),(1301,'devoir',16,'ABHLMY1',5),(1302,'devoir',10,'ABHLMY1',5),(1303,'exam',17,'ABHLMY1',5),(1304,'devoir',18,'ABHLMY1',5),(1305,'devoir',15,'ABHLMY1',5),(1306,'exam',19,'ABHLMY1',5),(1307,'devoir',17,'ABHLMY1',5),(1308,'devoir',12,'ABHLMY1',5),(1309,'exam',17,'ABHLMY1',5),(1310,'devoir',15,'ABHLMY1',5),(1311,'devoir',13,'ABHLMY1',5),(1312,'exam',16,'ABHLMY1',5),(1313,'devoir',12,'ABHLMY1',5),(1314,'devoir',10,'ABHLMY1',5),(1315,'exam',15,'ABHLMY1',5),(1316,'devoir',14,'ABHLMY1',5),(1317,'devoir',18,'ABHLMY1',5),(1318,'exam',15,'ABHLMY1',5),(1319,'devoir',13,'AF32IBC',1),(1320,'devoir',15,'AF32IBC',1),(1321,'exam',16,'AF32IBC',1),(1322,'devoir',10,'AF32IBC',1),(1323,'devoir',14,'AF32IBC',1),(1324,'exam',13,'AF32IBC',1),(1325,'devoir',12,'AF32IBC',1),(1326,'devoir',9,'AF32IBC',1),(1327,'devoir',15,'AF32IBC',1),(1328,'exam',11,'AF32IBC',1),(1329,'devoir',13,'AF32IBC',1),(1330,'exam',10,'AF32IBC',1),(1331,'devoir',14,'AF32IBC',1),(1332,'devoir',9,'AF32IBC',1),(1333,'devoir',12,'AF32IBC',1),(1334,'exam',13,'AF32IBC',1),(1335,'devoir',13,'AF32IBC',1),(1336,'exam',15,'AF32IBC',1),(1337,'devoir',8,'M60GRTL',1),(1338,'devoir',13,'M60GRTL',1),(1339,'exam',10,'M60GRTL',1),(1340,'devoir',10,'M60GRTL',1),(1341,'devoir',10,'M60GRTL',1),(1342,'exam',13,'M60GRTL',1),(1343,'devoir',10,'M60GRTL',1),(1344,'devoir',11,'M60GRTL',1),(1345,'devoir',9,'M60GRTL',1),(1346,'exam',7,'M60GRTL',1),(1347,'devoir',10,'M60GRTL',1),(1348,'exam',8,'M60GRTL',1),(1349,'devoir',11,'M60GRTL',1),(1350,'devoir',9,'M60GRTL',1),(1351,'devoir',10,'M60GRTL',1),(1352,'exam',13,'M60GRTL',1),(1353,'devoir',12,'M60GRTL',1),(1354,'exam',10,'M60GRTL',1),(1355,'devoir',8,'QNXKW09',1),(1356,'devoir',12,'QNXKW09',1),(1357,'exam',9,'QNXKW09',1),(1358,'devoir',15,'QNXKW09',1),(1359,'devoir',10,'QNXKW09',1),(1360,'exam',9,'QNXKW09',1),(1361,'devoir',12,'QNXKW09',1),(1362,'devoir',9,'QNXKW09',1),(1363,'devoir',12,'QNXKW09',1),(1364,'exam',7,'QNXKW09',1),(1365,'devoir',11,'QNXKW09',1),(1366,'exam',12,'QNXKW09',1),(1367,'devoir',8,'QNXKW09',1),(1368,'devoir',11,'QNXKW09',1),(1369,'devoir',10,'QNXKW09',1),(1370,'exam',9,'QNXKW09',1),(1371,'devoir',10,'QNXKW09',1),(1372,'exam',11,'QNXKW09',1),(1373,'devoir',10,'G2NXW1L',1),(1374,'devoir',14,'G2NXW1L',1),(1375,'exam',12,'G2NXW1L',1),(1376,'devoir',10,'G2NXW1L',1),(1377,'devoir',12,'G2NXW1L',1),(1378,'exam',12,'G2NXW1L',1),(1379,'devoir',9,'G2NXW1L',1),(1380,'devoir',10,'G2NXW1L',1),(1381,'exam',11,'G2NXW1L',1),(1382,'devoir',11,'G2NXW1L',1),(1383,'exam',12,'G2NXW1L',1),(1384,'devoir',13,'G2NXW1L',1),(1385,'devoir',12,'G2NXW1L',1),(1386,'exam',15,'G2NXW1L',1),(1387,'devoir',15,'G2NXW1L',1),(1388,'exam',10,'G2NXW1L',1),(1389,'devoir',9,'UPNCG78',1),(1390,'devoir',11,'UPNCG78',1),(1391,'devoir',10,'UPNCG78',1),(1392,'devoir',13,'UPNCG78',1),(1393,'exam',12,'UPNCG78',1),(1394,'devoir',12,'UPNCG78',1),(1395,'exam',19,'UPNCG78',1),(1396,'devoir',10,'UPNCG78',1),(1397,'devoir',11,'UPNCG78',1),(1398,'exam',13,'UPNCG78',1),(1399,'devoir',15,'UPNCG78',1),(1400,'devoir',9,'UPNCG78',1),(1401,'devoir',16,'UPNCG78',1),(1402,'devoir',11,'UPNCG78',1),(1403,'exam',12,'UPNCG78',1),(1404,'devoir',13,'UPNCG78',1),(1405,'exam',13,'UPNCG78',1),(1406,'devoir',11,'UPNCG78',1),(1407,'exam',15,'UPNCG78',1),(1408,'devoir',8,'WYI96BT',1),(1409,'devoir',11,'WYI96BT',1),(1410,'exam',9,'WYI96BT',1),(1411,'devoir',12,'WYI96BT',1),(1412,'devoir',14,'WYI96BT',1),(1413,'exam',13,'WYI96BT',1),(1414,'devoir',12,'WYI96BT',1),(1415,'devoir',9,'WYI96BT',1),(1416,'exam',11,'WYI96BT',1),(1417,'devoir',16,'WYI96BT',1),(1418,'exam',12,'WYI96BT',1),(1419,'devoir',14,'WYI96BT',1),(1420,'devoir',9,'WYI96BT',1),(1421,'devoir',11,'WYI96BT',1),(1422,'exam',14,'WYI96BT',1),(1423,'devoir',12,'WYI96BT',1),(1424,'exam',14,'WYI96BT',1),(1425,'devoir',12,'FRTX54U',1),(1426,'devoir',7,'FRTX54U',1),(1427,'exam',10,'FRTX54U',1),(1428,'devoir',13,'FRTX54U',1),(1429,'devoir',14,'FRTX54U',1),(1430,'exam',9,'FRTX54U',1),(1431,'devoir',9,'FRTX54U',1),(1432,'devoir',11,'FRTX54U',1),(1433,'exam',12,'FRTX54U',1),(1434,'devoir',15,'FRTX54U',1),(1435,'exam',12,'FRTX54U',1),(1436,'devoir',11,'FRTX54U',1),(1437,'devoir',10,'FRTX54U',1),(1438,'devoir',12,'FRTX54U',1),(1439,'exam',13,'FRTX54U',1),(1440,'devoir',10,'FRTX54U',1),(1441,'exam',14,'FRTX54U',1),(1442,'devoir',13,'LJQC67L',1),(1443,'devoir',15,'LJQC67L',1),(1444,'exam',16,'LJQC67L',1),(1445,'devoir',10,'LJQC67L',1),(1446,'devoir',14,'LJQC67L',1),(1447,'exam',13,'LJQC67L',1),(1448,'devoir',12,'LJQC67L',1),(1449,'devoir',9,'LJQC67L',1),(1450,'devoir',19,'LJQC67L',1),(1451,'exam',11,'LJQC67L',1),(1452,'devoir',13,'LJQC67L',1),(1453,'exam',10,'LJQC67L',1),(1454,'devoir',14,'LJQC67L',1),(1455,'devoir',9,'LJQC67L',1),(1456,'devoir',12,'LJQC67L',1),(1457,'exam',13,'LJQC67L',1),(1458,'devoir',11,'LJQC67L',1),(1459,'exam',12,'LJQC67L',1),(1460,'devoir',18,'GF34KHS',1),(1461,'devoir',17,'GF34KHS',1),(1462,'exam',10,'GF34KHS',1),(1463,'devoir',5,'GF34KHS',1),(1464,'devoir',13,'GF34KHS',1),(1465,'devoir',9,'GF34KHS',1),(1466,'exam',14,'GF34KHS',1),(1467,'devoir',13,'GF34KHS',1),(1468,'devoir',10,'GF34KHS',1),(1469,'exam',14,'GF34KHS',1),(1470,'devoir',17,'GF34KHS',1),(1471,'exam',9,'GF34KHS',1),(1472,'devoir',12,'GF34KHS',1),(1473,'devoir',19,'GF34KHS',1),(1474,'devoir',15,'GF34KHS',1),(1475,'devoir',11,'GF34KHS',1),(1476,'exam',12,'GF34KHS',1),(1477,'devoir',16,'GF34KHS',1),(1478,'exam',18,'GF34KHS',1),(1479,'devoir',9,'JHGF7F5',1),(1480,'devoir',17,'JHGF7F5',1),(1481,'exam',10,'JHGF7F5',1),(1482,'devoir',12,'JHGF7F5',1),(1483,'devoir',13,'JHGF7F5',1),(1484,'devoir',8,'JHGF7F5',1),(1485,'exam',18,'JHGF7F5',1),(1486,'devoir',4,'JHGF7F5',1),(1487,'devoir',10,'JHGF7F5',1),(1488,'exam',15,'JHGF7F5',1),(1489,'devoir',17,'JHGF7F5',1),(1490,'exam',19,'JHGF7F5',1),(1491,'devoir',12,'JHGF7F5',1),(1492,'devoir',19,'JHGF7F5',1),(1493,'devoir',16,'JHGF7F5',1),(1494,'devoir',13,'JHGF7F5',1),(1495,'exam',12,'JHGF7F5',1),(1496,'devoir',14,'JHGF7F5',1),(1497,'exam',18,'JHGF7F5',1),(1498,'devoir',8,'RED76BH',1),(1499,'devoir',7,'RED76BH',1),(1500,'exam',10,'RED76BH',1),(1501,'devoir',15,'RED76BH',1),(1502,'devoir',12,'RED76BH',1),(1503,'devoir',9,'RED76BH',1),(1504,'exam',14,'RED76BH',1),(1505,'devoir',13,'RED76BH',1),(1506,'devoir',19,'RED76BH',1),(1507,'exam',15,'RED76BH',1),(1508,'devoir',11,'RED76BH',1),(1509,'exam',9,'RED76BH',1),(1510,'devoir',2,'RED76BH',1),(1511,'devoir',9,'RED76BH',1),(1512,'devoir',16,'RED76BH',1),(1513,'devoir',11,'RED76BH',1),(1514,'exam',12,'RED76BH',1),(1515,'devoir',10,'RED76BH',1),(1516,'exam',18,'RED76BH',1),(1517,'devoir',18,'GF69LBC',1),(1518,'devoir',17,'GF69LBC',1),(1519,'exam',15,'GF69LBC',1),(1520,'devoir',10,'GF69LBC',1),(1521,'devoir',1,'GF69LBC',1),(1522,'devoir',9,'GF69LBC',1),(1523,'exam',12,'GF69LBC',1),(1524,'devoir',10,'GF69LBC',1),(1525,'devoir',18,'GF69LBC',1),(1526,'exam',15,'GF69LBC',1),(1527,'devoir',11,'GF69LBC',1),(1528,'exam',9,'GF69LBC',1),(1529,'devoir',12,'GF69LBC',1),(1530,'devoir',9,'GF69LBC',1),(1531,'devoir',13,'GF69LBC',1),(1532,'devoir',11,'GF69LBC',1),(1533,'exam',12,'GF69LBC',1),(1534,'devoir',12,'GF69LBC',1),(1535,'exam',19,'GF69LBC',1),(1536,'devoir',9,'ML09RDS',1),(1537,'devoir',7,'ML09RDS',1),(1538,'exam',11,'ML09RDS',1),(1539,'devoir',11,'ML09RDS',1),(1540,'devoir',13,'ML09RDS',1),(1541,'devoir',19,'ML09RDS',1),(1542,'exam',4,'ML09RDS',1),(1543,'devoir',12,'ML09RDS',1),(1544,'devoir',10,'ML09RDS',1),(1545,'exam',15,'ML09RDS',1),(1546,'devoir',10,'ML09RDS',1),(1547,'exam',12,'ML09RDS',1),(1548,'devoir',13,'ML09RDS',1),(1549,'devoir',7,'ML09RDS',1),(1550,'devoir',15,'ML09RDS',1),(1551,'devoir',16,'ML09RDS',1),(1552,'exam',2,'ML09RDS',1),(1553,'devoir',11,'ML09RDS',1),(1554,'exam',16,'ML09RDS',1),(1555,'devoir',12,'NBV76RD',1),(1556,'devoir',17,'NBV76RD',1),(1557,'exam',0,'NBV76RD',1),(1558,'devoir',12,'NBV76RD',1),(1559,'devoir',17,'NBV76RD',1),(1560,'devoir',12,'NBV76RD',1),(1561,'exam',15,'NBV76RD',1),(1562,'devoir',13,'NBV76RD',1),(1563,'devoir',19,'NBV76RD',1),(1564,'exam',15,'NBV76RD',1),(1565,'devoir',11,'NBV76RD',1),(1566,'exam',19,'NBV76RD',1),(1567,'devoir',12,'NBV76RD',1),(1568,'devoir',8,'NBV76RD',1),(1569,'devoir',12,'NBV76RD',1),(1570,'devoir',11,'NBV76RD',1),(1571,'exam',12,'NBV76RD',1),(1572,'devoir',10,'NBV76RD',1),(1573,'exam',18,'NBV76RD',1),(1574,'devoir',8,'MLHF65D',1),(1575,'devoir',7,'MLHF65D',1),(1576,'exam',10,'MLHF65D',1),(1577,'devoir',15,'MLHF65D',1),(1578,'devoir',12,'MLHF65D',1),(1579,'devoir',9,'MLHF65D',1),(1580,'exam',14,'MLHF65D',1),(1581,'devoir',13,'MLHF65D',1),(1582,'devoir',19,'MLHF65D',1),(1583,'exam',15,'MLHF65D',1),(1584,'devoir',11,'MLHF65D',1),(1585,'exam',9,'MLHF65D',1),(1586,'devoir',2,'MLHF65D',1),(1587,'devoir',9,'MLHF65D',1),(1588,'devoir',16,'MLHF65D',1),(1589,'devoir',11,'MLHF65D',1),(1590,'exam',12,'MLHF65D',1),(1591,'devoir',10,'MLHF65D',1),(1592,'exam',18,'MLHF65D',1),(1593,'devoir',12,'IHFK34G',5),(1594,'devoir',19,'IHFK34G',5),(1595,'devoir',1,'IHFK34G',5),(1596,'exam',4,'IHFK34G',5),(1597,'devoir',15,'IHFK34G',5),(1598,'exam',11,'IHFK34G',5),(1599,'devoir',12,'IHFK34G',5),(1600,'devoir',15,'IHFK34G',5),(1601,'devoir',11,'IHFK34G',5),(1602,'exam',13,'IHFK34G',5),(1603,'devoir',18,'IHFK34G',5),(1604,'devoir',11,'IHFK34G',5),(1605,'exam',10,'IHFK34G',5),(1606,'devoir',18,'IHFK34G',5),(1607,'exam',15,'IHFK34G',5),(1608,'devoir',3,'IHFK34G',5),(1609,'devoir',15,'IHFK34G',5),(1610,'exam',9,'IHFK34G',5),(1611,'devoir',15,'3FR5IJ9',5),(1612,'devoir',11,'3FR5IJ9',5),(1613,'devoir',11,'3FR5IJ9',5),(1614,'exam',12,'3FR5IJ9',5),(1615,'devoir',6,'3FR5IJ9',5),(1616,'devoir',14,'3FR5IJ9',5),(1617,'exam',16,'3FR5IJ9',5),(1618,'devoir',10,'3FR5IJ9',5),(1619,'devoir',12,'3FR5IJ9',5),(1620,'devoir',11,'3FR5IJ9',5),(1621,'exam',16,'3FR5IJ9',5),(1622,'devoir',18,'3FR5IJ9',5),(1623,'devoir',11,'3FR5IJ9',5),(1624,'exam',15,'3FR5IJ9',5),(1625,'devoir',8,'3FR5IJ9',5),(1626,'exam',15,'3FR5IJ9',5),(1627,'devoir',7,'3FR5IJ9',5),(1628,'devoir',11,'3FR5IJ9',5),(1629,'devoir',9,'3FR5IJ9',5),(1630,'exam',9,'3FR5IJ9',5),(1631,'devoir',15,'PM12NG7',4),(1632,'devoir',11,'PM12NG7',4),(1633,'exam',9,'PM12NG7',4),(1634,'devoir',12,'PM12NG7',4),(1635,'devoir',15,'PM12NG7',4),(1636,'devoir',11,'PM12NG7',4),(1637,'exam',13,'PM12NG7',4),(1638,'devoir',4,'PM12NG7',4),(1639,'devoir',11,'PM12NG7',4),(1640,'exam',13,'PM12NG7',4),(1641,'devoir',14,'PM12NG7',4),(1642,'exam',15,'PM12NG7',4),(1643,'devoir',12,'PM12NG7',4),(1644,'devoir',9,'PM12NG7',4),(1645,'devoir',16,'PM12NG7',4),(1646,'devoir',11,'PM12NG7',4),(1647,'exam',12,'PM12NG7',4),(1648,'devoir',11,'PM12NG7',4),(1649,'exam',13,'PM12NG7',4),(1650,'devoir',10,'89HY6F5',1),(1651,'devoir',15,'89HY6F5',1),(1652,'exam',16,'89HY6F5',1),(1653,'devoir',11,'89HY6F5',1),(1654,'exam',9,'89HY6F5',1),(1655,'devoir',4,'89HY6F5',1),(1656,'devoir',11,'89HY6F5',1),(1657,'exam',13,'89HY6F5',1),(1658,'devoir',12,'89HY6F5',1),(1659,'devoir',9,'89HY6F5',1),(1660,'devoir',16,'89HY6F5',1),(1661,'devoir',11,'89HY6F5',1),(1662,'exam',12,'89HY6F5',1),(1663,'devoir',10,'89HY6F5',1),(1664,'exam',13,'89HY6F5',1),(1665,'devoir',14,'89HY6F5',1),(1666,'exam',15,'89HY6F5',1),(1667,'devoir',10,'5D7BKJ2',1),(1668,'devoir',11,'5D7BKJ2',1),(1669,'exam',15,'5D7BKJ2',1),(1670,'devoir',7,'5D7BKJ2',1),(1671,'devoir',12,'5D7BKJ2',1),(1672,'devoir',8,'5D7BKJ2',1),(1673,'exam',13,'5D7BKJ2',1),(1674,'devoir',14,'5D7BKJ2',1),(1675,'devoir',9,'5D7BKJ2',1),(1676,'exam',15,'5D7BKJ2',1),(1677,'devoir',11,'5D7BKJ2',1),(1678,'exam',9,'5D7BKJ2',1),(1679,'devoir',12,'5D7BKJ2',1),(1680,'devoir',9,'5D7BKJ2',1),(1681,'devoir',16,'5D7BKJ2',1),(1682,'devoir',11,'5D7BKJ2',1),(1683,'exam',12,'5D7BKJ2',1),(1684,'devoir',10,'5D7BKJ2',1),(1685,'exam',13,'5D7BKJ2',1),(1686,'devoir',11,'PK0I89K',4),(1687,'exam',9,'PK0I89K',4),(1688,'devoir',12,'PK0I89K',4),(1689,'devoir',15,'PK0I89K',4),(1690,'devoir',11,'PK0I89K',4),(1691,'exam',13,'PK0I89K',4),(1692,'devoir',14,'PK0I89K',4),(1693,'devoir',11,'PK0I89K',4),(1694,'exam',13,'PK0I89K',4),(1695,'devoir',14,'PK0I89K',4),(1696,'exam',5,'PK0I89K',4),(1697,'devoir',12,'PK0I89K',4),(1698,'devoir',9,'PK0I89K',4),(1699,'devoir',16,'PK0I89K',4),(1700,'devoir',11,'PK0I89K',4),(1701,'exam',12,'PK0I89K',4),(1702,'devoir',11,'PK0I89K',4),(1703,'exam',13,'PK0I89K',4),(1704,'devoir',10,'9F6J9TT',1),(1705,'devoir',15,'9F6J9TT',1),(1706,'devoir',11,'9F6J9TT',1),(1707,'devoir',15,'9F6J9TT',1),(1708,'exam',17,'9F6J9TT',1),(1709,'devoir',11,'9F6J9TT',1),(1710,'devoir',16,'9F6J9TT',1),(1711,'exam',16,'9F6J9TT',1),(1712,'devoir',16,'9F6J9TT',1),(1713,'devoir',11,'9F6J9TT',1),(1714,'exam',13,'9F6J9TT',1),(1715,'devoir',12,'9F6J9TT',1),(1716,'devoir',3,'9F6J9TT',1),(1717,'devoir',17,'9F6J9TT',1),(1718,'devoir',18,'9F6J9TT',1),(1719,'exam',12,'9F6J9TT',1),(1720,'devoir',14,'9F6J9TT',1),(1721,'devoir',12,'9F6J9TT',1),(1722,'exam',11,'9F6J9TT',1),(1723,'devoir',14,'9F6J9TT',1),(1724,'exam',15,'9F6J9TT',1),(1725,'devoir',10,'BH54JJ6',1),(1726,'devoir',15,'BH54JJ6',1),(1727,'exam',15,'BH54JJ6',1),(1728,'devoir',17,'BH54JJ6',1),(1729,'devoir',9,'BH54JJ6',1),(1730,'devoir',8,'BH54JJ6',1),(1731,'exam',13,'BH54JJ6',1),(1732,'devoir',11,'BH54JJ6',1),(1733,'devoir',9,'BH54JJ6',1),(1734,'exam',15,'BH54JJ6',1),(1735,'devoir',10,'BH54JJ6',1),(1736,'devoir',13,'BH54JJ6',1),(1737,'exam',11,'BH54JJ6',1),(1738,'devoir',12,'BH54JJ6',1),(1739,'devoir',11,'BH54JJ6',1),(1740,'devoir',16,'BH54JJ6',1),(1741,'devoir',8,'BH54JJ6',1),(1742,'exam',12,'BH54JJ6',1),(1743,'devoir',10,'BH54JJ6',1),(1744,'exam',10,'BH54JJ6',1);
/*!40000 ALTER TABLE `note` ENABLE KEYS */;
UNLOCK TABLES;
/*!40103 SET TIME_ZONE=@OLD_TIME_ZONE */;

/*!40101 SET SQL_MODE=@OLD_SQL_MODE */;
/*!40014 SET FOREIGN_KEY_CHECKS=@OLD_FOREIGN_KEY_CHECKS */;
/*!40014 SET UNIQUE_CHECKS=@OLD_UNIQUE_CHECKS */;
/*!40101 SET CHARACTER_SET_CLIENT=@OLD_CHARACTER_SET_CLIENT */;
/*!40101 SET CHARACTER_SET_RESULTS=@OLD_CHARACTER_SET_RESULTS */;
/*!40101 SET COLLATION_CONNECTION=@OLD_COLLATION_CONNECTION */;
/*!40111 SET SQL_NOTES=@OLD_SQL_NOTES */;

-- Dump completed on 2022-03-21  8:00:30
